Comp.1,Comp.2,DPH,Temperature,SL,Cluster
-2.1131909158839104,-0.3246501757743086,7,20,3.347,1
-2.137335546907389,-0.26530486373068046,7,20,3.165,1
-2.0252622427125107,-0.17901541456855902,7,20,3.357,1
-1.8715569109804173,-0.15754674371781568,7,20,3.512,1
-2.3916925230374257,-0.3903817493655146,7,20,3.058,1
-2.17448947972869,-0.23030755227553243,7,20,3.218,1
-2.1237522867983265,-0.23564029720696325,7,20,3.295,1
-2.052325520946583,-0.26097609343094735,7,20,3.393,1
-2.052817963918946,-0.17719772418265442,7,20,3.269,1
-1.9807241170770102,-0.12359946298624118,7,20,3.571,1
-2.2375904256182038,-0.3561611904321887,7,20,3.032,1
-2.1141787522098467,-0.2328127722096441,7,20,3.416,1
-2.03646744907019,-0.19825924516512655,7,20,3.387,1
-2.107303303153958,-0.2146011436103587,7,20,3.348,1
-2.0068714902692535,-0.32121330888147587,7,20,3.349,1
-2.019399978348515,-0.2269929101782952,7,20,3.471,1
-1.864822741589382,-0.04545820994407359,7,20,3.711,1
-2.3298441280093627,-0.29403980141534625,7,20,3.165,1
-2.0024879148296857,-0.11066177100352663,7,20,3.476,1
-2.0658013257569054,-0.1646796622050824,7,20,3.532,1
-2.174718868442221,-0.2917105932385956,7,20,3.31,1
-2.2870881045563634,-0.3453357944170114,7,20,3.111,1
-2.242965666283078,-0.18748047372496265,7,20,3.202,1
-2.2481347915509478,-0.2709259973278539,7,20,3.268,1
-2.1258441272514315,-0.26822140635755354,7,20,3.554,1
-2.1679998791911714,-0.32852388459436893,7,20,3.348,1
-2.1781018311419196,-0.25974598070122706,7,20,3.233,1
-2.0906635171010244,-0.3603386254186803,7,20,3.223,1
-2.1516712587695697,-0.21998570345475735,7,20,3.292,1
-2.160944862520168,-0.23158272416828732,7,20,3.348,1
-1.4902520380714976,-0.04739567632024818,12,20,3.944,1
-1.21071157907594,-0.13586497412494408,12,20,4.409,1
-0.9709957984004003,0.08632184575065031,12,20,4.68,1
-1.048525060600963,0.06080851829360632,12,20,4.631,1
-1.78583054358269,-0.23415567294020992,12,20,3.569,1
-1.1122878484002343,0.04034016340935008,12,20,4.602,1
-1.3528872850216016,0.06599786083065463,12,20,4.33,1
-1.434394782099614,0.007733561306788653,12,20,4.283,1
-1.2460190192878853,0.04761280330302704,12,20,4.353,1
-1.4509130967932726,-0.2116639270377598,12,20,4.026,1
-1.2287493044792452,0.05644849053530433,12,20,4.436,1
-1.3200800583361434,0.04344161481512875,12,20,4.196,1
-1.1884758672644034,0.07773200729057426,12,20,4.434,1
-1.1129062597188424,0.010230649389665926,12,20,4.583,1
-1.1960075854699603,0.03429837815471886,12,20,4.545,1
-1.8288458746326963,-0.24356468776046675,12,20,3.638,1
-1.3734505595995363,0.01273544355337412,12,20,4.239,1
-1.2330975707440546,-0.08061401742075935,12,20,4.299,1
-1.4115246220623088,-0.04223140982540525,12,20,4.13,1
-1.3994781662076399,0.06372827670283002,12,20,4.437,1
-0.7697848527237776,0.21192006021771248,12,20,5.112,1
-1.3105419854085754,0.013892904179630057,12,20,4.311,1
-1.3136904502417441,-0.12385783876522914,12,20,4.339,1
-1.3260333043206645,0.035948432910855185,12,20,4.23,1
-1.4571459387916847,-0.13750654834531023,12,20,4.247,1
-1.3738270875910923,0.0228129472541882,12,20,4.434,1
-1.0360045817486743,0.17680747610571568,12,20,4.819,1
-1.4136857153035767,0.0478987604127421,12,20,4.376,1
-1.3308006623787905,-0.039170961435654184,12,20,4.295,1
-1.0265970796449317,0.1472253248336728,12,20,4.804,1
0.9817989438799652,0.19155170242194733,20,20,7,2
0.7713143317519261,0.1526189258041846,20,20,7.01,2
0.7674105196020062,0.11520051946551318,20,20,6.629,2
1.3847935912646676,0.12083547931405676,20,20,7.488,2
0.8078627390872698,0.1698783938617956,20,20,6.533,2
0.3476262650288747,-0.04295311989273972,20,20,5.971,2
0.796287015223042,0.2544120869999513,20,20,6.778,2
0.45438038424301963,0.39554579512005883,20,20,6.48,2
0.4234507932050541,0.1839214121080066,20,20,6.192,2
1.2554394209914377,0.2655733200741193,20,20,7.406,2
0.9820345612010255,0.18318166910526937,20,20,6.908,2
1.269068817529464,0.05535166199743678,20,20,7.246,2
0.6545310572104417,0.21186442222324645,20,20,6.576,2
0.24107378847510116,0.5006469253134417,20,20,5.769,2
0.992038133713823,0.42362753852237106,20,20,6.949,2
1.3313218884940998,0.37407081398298325,20,20,7.556,2
0.18851078151966022,0.30314574598044747,20,20,6.287,2
0.7731779266097857,0.3611162115541114,20,20,6.831,2
1.2672157190237285,0.4589387295856721,20,20,7.401,2
0.8939730161643682,0.27614655161996915,20,20,6.828,2
1.0398609540303092,0.21523714647892073,20,20,7.029,2
1.3823734973279098,0.48517043672868587,20,20,7.558,2
1.1356532830614698,0.32303072255111326,20,20,7.13,2
0.9209952847192914,0.16693934532508797,20,20,6.889,2
1.112547787452287,0.19406209579964817,20,20,7.115,2
1.350439769962808,0.1891256348605143,20,20,7.594,2
1.1738856392137351,0.23305027443785914,20,20,7.242,2
1.096919483566022,0.2605188488416311,20,20,7.159,2
1.3020530826241004,0.32943254246809633,20,20,7.287,2
0.8659861367546486,0.3560440664096042,20,20,6.799,2
2.0902614527188446,0.3800780286375439,24,20,8.359,2
2.1522032066542205,0.27564265825999257,24,20,8.43,2
1.835651366338746,0.11494199958242043,24,20,8.225,2
3.5812105011107884,-0.14049199071239407,24,20,10.398,3
2.2705311013736176,0.21013263485438952,24,20,8.673,2
1.6285182188387652,0.25543877855427877,24,20,7.707,2
1.7169751668651385,0.3073083470517412,24,20,7.817,2
2.386200835455728,0.30796997469474857,24,20,8.874,2
2.9144139855971947,0.3398271319567648,24,20,9.757,2
2.243006041387338,0.310480429037992,24,20,8.667,2
2.096792074777714,0.37399808576051635,24,20,8.453,2
1.3395016168260923,0.3260705676839517,24,20,7.41,2
1.7727374421163236,0.29842504939798414,24,20,8.014,2
2.8468787143334353,0.37943175617324715,24,20,9.414,2
2.269398689833334,0.36794655148596556,24,20,8.665,2
0.7762556878977104,0.20861992682390615,24,20,6.645,2
3.690588229197109,-0.4747084928306285,24,20,10.24,3
2.400789728610389,0.15373043488090288,24,20,8.921,2
2.3910994344270424,0.239601787445493,24,20,8.854,2
2.023162627528886,0.27852166803274603,24,20,8.382,2
1.9749756638488658,0.6372736627576473,24,20,8.342,2
2.305617008516293,0.2535972640102557,24,20,8.567,2
1.6348509230553794,0.6119178927918068,24,20,7.983,2
1.9101849861206297,0.4199708748871769,24,20,8.437,2
1.7226282730858993,0.46483306806426206,24,20,7.862,2
1.918440023109786,0.3537514918137621,24,20,8.213,2
1.809052525796151,0.2901773816739303,24,20,8.312,2
1.4264363581145212,0.3403998919453144,24,20,7.601,2
1.7623235710264775,0.3762244857040705,24,20,8.195,2
3.2763954180148525,0.41944950124784575,24,20,10.156,2
-2.0801041486577576,-0.4172612452048274,7,24,3.284,1
-2.0283125068404626,-0.4103970847021661,7,24,3.4,1
-2.461933194911478,-0.6207537564439359,7,24,2.672,1
-2.6250358778959346,-0.43324586501136847,7,24,2.671,1
-2.739207072732158,-0.5042877240277193,7,24,2.582,1
-2.433322380217624,-0.5537971243795246,7,24,2.806,1
-2.3063942972713476,-0.8175422605449261,7,24,2.853,1
-2.3183620767863533,-0.5107854286773825,7,24,3.041,1
-2.218155044684359,-0.29517630104806847,7,24,3.222,1
-2.0598080006839985,-0.4054927577037499,7,24,3.415,1
-2.5322071387676517,-0.4648714484865228,7,24,2.749,1
-2.5723718281882713,-0.34833588598264564,7,24,2.772,1
-2.418168506689725,-0.428380107268846,7,24,3.089,1
-2.307471193995694,-0.19472585572092282,7,24,3.079,1
-2.2658298840096336,-0.4170797042736914,7,24,2.884,1
-2.189437547370202,-0.007815857294728598,7,24,3.09,1
-2.384309020229576,-0.24719448326446072,7,24,3.098,1
-2.1552931221301086,-0.3411486664649468,7,24,3.258,1
-2.7926255884965916,-0.4357771849907017,7,24,2.389,1
-2.1606569806515155,-0.18524776871854068,7,24,3.35,1
-2.42999117465611,-0.28995791703502094,7,24,2.921,1
-2.398921953326585,-0.17004121868402877,7,24,3.037,1
-2.134087468299652,-0.11160952732742643,7,24,3.398,1
-2.506582434946405,-0.23050508355856075,7,24,2.95,1
-2.387926518594868,-0.21098483905650758,7,24,3.124,1
-2.252305883755265,-0.2659851229232906,7,24,3.175,1
-2.591043933471785,-0.4074196410555908,7,24,2.728,1
-2.5072333011083425,-0.22373964190870782,7,24,2.84,1
-2.1812026739729222,-0.19323663404794045,7,24,3.295,1
-2.2446901243744066,-0.21147551710015805,7,24,3.186,1
-2.207881531417074,-0.30647822635121263,7,24,3.146,1
-2.3749123089310653,-0.22459636800888771,7,24,3.155,1
-2.420596649130154,-0.39790492550454304,7,24,3.127,1
-2.2353500829400144,-0.26317790212569214,7,24,2.91,1
-2.454152997918884,-0.1954560644041622,7,24,3.058,1
-2.219901831913688,-0.2922472706110241,7,24,3.307,1
-2.568765911696469,-0.2981871588798871,7,24,2.842,1
-2.282592565073979,-0.33635007856993404,7,24,3.195,1
-2.1751456909190834,-0.13774031677537246,7,24,3.241,1
-2.150357358911629,-0.32778724667506187,7,24,3.347,1
-2.5122134547724206,-0.41253174788158714,7,24,2.81,1
-2.4713384607921087,-0.39578261982006235,7,24,2.845,1
-2.6815042925501014,-0.33501180477375514,7,24,2.554,1
-2.668093512025362,-0.32171420620158453,7,24,2.754,1
-2.4504089443470827,-0.29137057303640107,7,24,2.901,1
-2.458501559746771,-0.1605755446796406,7,24,3.043,1
-2.0161216460623117,-0.14549578472985022,7,24,3.439,1
-2.213220408157673,-0.2430265559334253,7,24,3.325,1
-2.133378253441094,-0.1991948834190729,7,24,3.391,1
-2.0759211610651604,-0.12688118330698805,7,24,3.388,1
1.8216732084580967,1.1776624048777682,12,24,8.394,2
1.4858170510935411,1.333151204306913,12,24,7.613,2
1.2793611917848982,0.7644387454540961,12,24,7.421,2
1.729281097595336,0.7462999580451746,12,24,7.408,2
2.0192856169444915,1.1045389626263005,12,24,8.849,2
1.7784392358735126,0.739486088146707,12,24,8.519,2
1.3741268579138588,0.9811154940853516,12,24,7.702,2
1.2622755547998408,0.7217616214400812,12,24,7.862,2
1.5750138425927502,0.5610054063387221,12,24,7.796,2
2.4472791436869863,0.5893888884701247,12,24,8.827,2
-1.0555279811808735,0.13469339701937014,12,24,4.687,1
-1.6233618370525102,-0.1425078993380992,12,24,3.752,1
-1.2966928905494646,0.09040677384695832,12,24,4.349,1
-1.4721099748900532,4.925822910900478e-4,12,24,4.097,1
-1.5232636443380363,-0.006786256164108435,12,24,3.719,1
-0.9182706823632284,0.33151901761311714,12,24,4.773,1
-1.6427355639155663,-0.0734115161924116,12,24,3.977,1
-1.1498691179577198,0.2281096896447487,12,24,4.188,1
-0.3594243018683352,0.4112660829266339,12,24,5.798,2
-1.106339162330906,0.024520967396528322,12,24,5.199,1
-1.593976303566744,-0.0234881800129919,12,24,3.844,1
-1.1796783536614543,-0.06665525334075972,12,24,4.37,1
-1.017891635133172,-0.008755866614979811,12,24,4.831,1
-1.0367463763071012,0.11087331381309451,12,24,4.748,1
-0.7144360927884876,0.27790555457578886,12,24,5.019,1
-1.2936699346515466,-0.019035414346197443,12,24,4.276,1
-1.5720767893199616,0.2048276651467139,12,24,4.097,1
-1.1906084213714663,-0.0713738552906844,12,24,4.465,1
-1.0678224522915887,0.12177856263744012,12,24,4.571,1
-1.2339824384534064,-0.08752994211741091,12,24,4.286,1
-0.013990896433184881,0.1775915082832912,12,24,5.894,2
-1.2942849137336978,-0.1412362927735597,12,24,4.598,1
-0.29653708942988266,-0.006553778135935629,12,24,5.754,2
-0.37988703882417973,0.0046164067659291525,12,24,5.329,1
-0.0041554558072191125,0.010244234078871005,12,24,6.141,2
-0.9276211248403675,-0.088700247303368715,12,24,4.676,1
-0.8009737601888949,-0.1542036083195843,12,24,5.019,1
-1.0033755294463282,-0.08700847014226411,12,24,4.744,1
-0.5618031868272444,-0.13003577470561678,12,24,5.298,1
-1.5862329129367176,-0.17833795181103362,12,24,4.235,1
-0.9500511939490591,0.22738030167752532,12,24,4.76,1
-1.056045443073877,0.1583286373712942,12,24,4.348,1
-1.496818146261026,0.09207921194941111,12,24,4.059,1
-1.039788669798881,0.2573095029887935,12,24,4.521,1
-1.4019120983348983,0.2815575520948846,12,24,4.289,1
-1.3359937082823523,0.13719714277492184,12,24,4.259,1
-1.355728532264206,0.2254887216605926,12,24,4.259,1
-1.8433137828077402,0.109902004818338,12,24,3.751,1
-1.4481645603604563,0.22770865383969843,12,24,4.278,1
-1.1316905894237443,0.24430241119318094,12,24,4.538,1
0.9807466830370306,0.31024360126115125,16,24,7.09,2
-0.5783970133889575,0.22960024528433157,16,24,5.033,1
-0.9720203860650403,0.07609402178698559,16,24,4.669,1
-0.9621517072464216,0.15062618613135642,16,24,4.626,1
-0.953585190341019,0.15806085130232012,16,24,4.815,1
0.04931395776200837,0.17136667649261458,16,24,6.067,2
0.35441037945278703,0.3078878092385358,16,24,6.443,2
0.3308077089218134,0.19344494015427907,16,24,6.393,2
0.8413015229272217,0.29931241323201974,16,24,7.06,2
1.0203194237101116,0.38019141658364897,16,24,7.327,2
-0.03178904992372959,0.2385715968746704,16,24,5.918,2
0.08778398979801293,0.10944707581719729,16,24,6.181,2
0.34264555939113894,0.31772376267754276,16,24,6.285,2
0.02148685436442687,0.21049905800365448,16,24,5.864,2
0.9951088439641123,0.1783486865423084,16,24,7.308,2
0.30357118536638167,0.3428453904803495,16,24,6.054,2
0.7814668465065285,0.4137028743676707,16,24,6.694,2
0.8451118791871194,0.3569425827332705,16,24,6.958,2
0.9040338282530295,0.4585546168327697,16,24,7.001,2
0.7980842990472908,0.31796021341770236,16,24,6.873,2
-0.10958705123134663,0.17343784201190696,16,24,5.69,2
-0.34638323041141966,0.1953021654232592,16,24,5.537,2
0.05032784872316613,0.26638054380035414,16,24,5.899,2
-0.0978328742246621,0.06370401858854649,16,24,5.826,2
-0.5604368026114823,0.06336582945050197,16,24,5.196,1
-0.7775207413519697,0.2963625083556318,16,24,4.981,1
-0.2720580362380264,0.193812278448823,16,24,5.418,2
-0.6439484352608966,0.1797950899013415,16,24,5.11,1
-0.7172922200799358,0.014219320053323966,16,24,5.023,1
0.17084285698055038,0.11973788872504618,16,24,6.089,2
-0.6391387392474518,0.2124966383216255,16,24,5.146,1
-0.11456929582339616,0.23010048413768494,16,24,5.947,2
-0.5707580026961995,0.19707464393530277,16,24,5.222,1
-0.61944348919457215,0.0758638859991636,16,24,5.13,1
0.4395781422998945,0.2515539414963944,16,24,6.508,2
-0.10075688149503842,0.3183644802664005,16,24,5.96,2
0.17203111968976792,0.11428398497406632,16,24,6.131,2
-1.17414694612381,-0.05206346075084324,16,24,4.28,1
-0.1593443523913124,0.3459316317711834,16,24,5.754,2
-0.377760838097231,0.2602960130292429,16,24,5.27,1
-0.16374303991097536,0.1877419520658412,16,24,5.553,2
0.4486263408731079,0.42659780523583557,16,24,6.309,2
0.019106905185417678,0.2276355736453739,16,24,5.763,2
0.03427744012170337,0.24139456320271888,16,24,6.018,2
0.9579643102950334,0.3002437558305822,16,24,7.108,2
1.2865648210801373,0.1913876036281359,16,24,7.247,2
0.4456612197986687,0.19490339093086553,16,24,6.326,2
0.07401720347024847,0.16234598328973793,16,24,5.895,2
-0.442107587699681,0.07572066826198628,16,24,5.284,1
-0.06609166857318075,0.14956866991182519,16,24,5.86,2
1.0051885520061943,0.18190760770574138,20,24,7.047,2
-0.4810227941811021,0.15232002413791226,20,24,5.21,1
-0.9122166236808749,0.07675503765985274,20,24,4.553,1
-0.8950682300151933,-0.040504656422227704,20,24,4.633,1
-0.8566264395513971,-0.1430313880739053,20,24,4.668,1
0.10359279039624274,0.06650498555180108,20,24,5.974,2
0.46795670572184705,0.2772276341111083,20,24,6.342,2
0.3908221717409716,0.17866473024838878,20,24,6.337,2
0.9951606097990245,0.252757249540372,20,24,7.084,2
1.1679632284124735,0.20363989650980835,20,24,7.397,2
-0.22451255166951495,0.018066777242586127,20,24,5.543,2
0.056836115196826895,0.029175077600044345,20,24,5.828,2
0.1376297697683306,0.11874406852249235,20,24,5.906,2
-0.07751841435337635,0.11149362410587789,20,24,5.535,2
0.8542745149084404,0.18671309202354952,20,24,6.851,2
0.10557100616717552,0.23691641372001185,20,24,5.713,2
0.47066447179686055,0.20662304842549203,20,24,6.336,2
0.5515989628915878,0.22747020828488307,20,24,6.495,2
0.6001271186018102,0.22429531488877777,20,24,6.58,2
0.5784017210646919,0.20661750445590946,20,24,6.715,2
-0.134516862006132,0.14579216543180182,20,24,5.676,2
-0.10130861962956243,0.09094521656291027,20,24,5.514,2
0.13488324071924107,0.2556994764213359,20,24,5.862,2
-0.0043880749747778995,0.13440788176806978,20,24,5.767,2
-0.6255002767702271,0.025957164410974096,20,24,5.045,1
-0.7736018932236942,0.205713985077339,20,24,4.961,1
-0.27103300367092364,0.12755227669669947,20,24,5.521,2
-0.62474658767458,0.20075468081995362,20,24,5.06,1
-0.5672504980868066,0.09250044305747031,20,24,5.061,1
0.264149584315266,0.17968088941519555,20,24,6.045,2
0.02909689314423814,0.3197737831439836,20,24,5.714,2
0.593933948428484,0.2664384147467698,20,24,6.585,2
0.07428895433644934,0.33142126531240135,20,24,5.849,2
0.08689142913628907,0.12503662425945633,20,24,5.728,2
1.2340102480981812,0.30563077082785556,20,24,7.358,2
0.6781260929393429,0.2737100091393032,20,24,6.701,2
0.8516674872884189,0.15859938662975553,20,24,6.911,2
-0.6790961091752695,0.02740693505867288,20,24,4.929,1
0.45269630942458783,0.43822760450689435,20,24,6.482,2
0.1748464169055442,0.3064453293321109,20,24,5.962,2
-0.49191374969459106,6.864959805031117e-4,20,24,5.252,1
-0.02851241940287975,0.1640259635001596,20,24,5.529,2
-0.46196802718486907,0.07173296850144613,20,24,5.147,1
-0.29998600611057624,0.20203023467810402,20,24,5.502,2
0.3873799765710859,0.1689220292913995,20,24,6.278,2
0.7568658478810668,-0.0025034941649457686,20,24,6.646,2
-0.025543945172918782,-0.0031830215308530437,20,24,5.588,2
-0.32221055587691566,0.07685161123990154,20,24,5.114,2
-0.7059536467603693,-0.03800111099546679,20,24,4.702,1
-0.409093826802657,0.039398983638352786,20,24,5.216,1
0.4987308238702985,0.44058736742832955,24,24,6.272,2
0.23339027303258725,0.4852527904217086,24,24,5.888,2
0.31380125968666733,0.4007903309590491,24,24,6.227,2
1.4136653731948539,0.31641193466938,24,24,7.149,2
0.6230813738786567,0.2534461608538778,24,24,6.064,2
2.1200463671997745,0.5222825043524273,24,24,8.545,2
1.665721953571012,0.4941080795440169,24,24,8.141,2
0.46703840567482857,0.2029964395574451,24,24,6.069,2
0.2768279362085406,0.43082032142887583,24,24,5.893,2
0.4444782709399366,0.1679120267905604,24,24,6.102,2
2.2263370450951063,0.07593712524252975,24,24,8.362,2
1.7396659606926803,0.13406464566362963,24,24,7.949,2
2.5685008158144664,-0.16424957109309046,24,24,8.846,2
2.9475943414300088,-0.09461884660658429,24,24,9.436,2
4.672994731585396,-0.6745474067455122,24,24,11.35,3
4.438732575928931,-0.24500014004146897,24,24,11.083,3
3.0223255170059735,0.046265862207974275,24,24,9.448,2
3.8684074655110887,-0.21590944591210656,24,24,10.472,3
3.061385874395602,0.18700745929231508,24,24,9.312,2
3.111401887655074,0.5018548118973749,24,24,9.727,2
1.2203541836926652,0.4532801831996229,24,24,7.646,2
3.0109514561758157,0.21613662859508684,24,24,9.794,2
2.2986572789362536,0.33446909807742364,24,24,8.642,2
0.3138491224677031,0.3701841751236071,24,24,6.073,2
1.7296885626741336,0.6338031430911059,24,24,8.285,2
1.7311968585456634,0.263095819715708,24,24,8.122,2
1.3165620925995225,0.12664793519646425,24,24,7.524,2
1.384233543119785,0.31245712996149794,24,24,7.679,2
1.2234168041923001,0.4766834789348839,24,24,7.558,2
2.5481290264625973,0.27729837643090643,24,24,9.322,2
3.021165843227929,-0.22500512034062736,24,24,9.365,2
3.4987087166961657,-0.30962859592315806,24,24,9.894,3
2.8302538163296593,0.199104980962626,24,24,9.276,2
5.312686524523978,-0.8656221645397881,24,24,12.54,3
3.819884829697621,0.10726509461491904,24,24,10.39,3
3.749332973130287,0.14563195690669017,24,24,10.577,3
4.793102700582917,-0.7490860920765855,24,24,11.827,3
2.2459213967087175,0.29039655834496236,24,24,8.703,2
3.765544823010933,-0.07730272424213112,24,24,10.54,3
3.1071224481293354,0.560855283192236,24,24,9.769,2
2.7467646470786953,0.10493035834795639,24,24,9.002,2
2.412609130604698,0.21124444438242798,24,24,8.866,2
1.8585530001465331,0.46946007661827327,24,24,8.011,2
0.5229868135221324,0.29058532434666723,24,24,6.314,2
1.7113120179097216,0.7428979019410735,24,24,8.489,2
1.3789510208795908,0.2964361311459949,24,24,7.491,2
1.4123744394935782,0.24678754971498248,24,24,7.605,2
0.724159006017163,0.11771309433993567,24,24,6.514,2
0.7723839938888708,0.05323785572551122,24,24,6.506,2
1.1448324950529731,0.2412558215993009,24,24,6.967,2
-2.229178999782371,-0.40794088794536276,7,26,3.049,1
-2.6013135072672866,-0.38223472313276086,7,26,2.854,1
-2.2497829217939693,-0.3300284161918177,7,26,3.243,1
-2.110034262949902,-0.2681720889862557,7,26,3.523,1
-2.1919369070104087,-0.4830163658182215,7,26,3.271,1
-1.7964460089669299,-0.18204639740462683,7,26,3.921,1
-2.0695641857121854,-0.3075306349777203,7,26,3.496,1
-2.044639693545269,-0.21875311776077602,7,26,3.573,1
-1.9466581648208958,-0.20984719158875217,7,26,3.631,1
-2.108673026821161,-0.24874627815325273,7,26,3.492,1
-2.464539452493559,-0.3734034174426334,7,26,2.851,1
-2.222037813122741,-0.3259078743742533,7,26,3.163,1
-2.212748258190258,-0.3451249048975622,7,26,3.245,1
-2.3453665141063413,-0.284104259985526,7,26,3.066,1
-2.1050813180579153,-0.45191032823790056,7,26,3.361,1
-2.4251170690995085,-0.4641775394361491,7,26,2.956,1
-2.2431515882806603,-0.33201015003699863,7,26,3.237,1
-2.1853743563173147,-0.2952541377533414,7,26,3.34,1
-2.1809867820222366,-0.2539497223515279,7,26,3.348,1
-2.2753627637756324,-0.2997966836336495,7,26,3.32,1
-2.187858533446917,-0.19095505530719492,7,26,3.357,1
-1.9851814479507863,-0.25609704400262584,7,26,3.507,1
-2.041436644469188,-0.2182247629862333,7,26,3.36,1
-2.0463837781114838,-0.35847907123916933,7,26,3.483,1
-2.1157821201808757,-0.27834184597929135,7,26,3.294,1
-1.77221206499949,-0.08617886640317594,7,26,3.798,1
-1.869572779617853,-0.29120101606780086,7,26,3.737,1
-2.0153163070243116,-0.2404380284059779,7,26,3.69,1
-2.0602472852085176,-0.22933736691122636,7,26,3.546,1
-2.2128021040969954,-0.30029627127730085,7,26,3.44,1
-2.449200857325393,-0.21535143614983018,7,26,2.95,1
-2.313078727158952,-0.30422148977823077,7,26,3.205,1
-2.357700509661992,-0.36876278626922127,7,26,2.986,1
-2.5501837655567328,-0.2884029706927497,7,26,2.968,1
-2.422107310705175,-0.6222208130947474,7,26,2.81,1
-2.4301598633571637,-0.24346171604575242,7,26,3.136,1
-2.2323547341030947,-0.043372993715216746,7,26,3.208,1
-2.3044881720673307,-0.24453779987145421,7,26,3.217,1
-2.201304105356013,-0.2163617849715236,7,26,3.399,1
-2.309299279454093,-0.21355170402390286,7,26,3.261,1
-2.5687279854198355,-0.21592817808619974,7,26,2.851,1
-2.27598572961176,-0.21695057757039676,7,26,3.26,1
-2.5225499695081117,-0.28236229394107365,7,26,2.953,1
-2.559100845985798,-0.19955094622463254,7,26,2.92,1
-2.6809606926712855,-0.45855394925252413,7,26,2.713,1
-2.538051272508967,-0.37323025106701063,7,26,2.86,1
-2.3815743870098234,-0.34987849260108667,7,26,3.037,1
-2.4685558615676384,-0.2230380794360194,7,26,3.016,1
-2.3271602834262337,-0.3843016407077914,7,26,3.083,1
-2.285169532741647,-0.4541871243950113,7,26,3.148,1
-1.2104255924556873,0.03510678381505774,12,26,4.324,1
-0.9585035814951444,-0.04019128660152208,12,26,4.784,1
-0.6505933594586324,0.11375563379812599,12,26,5.117,1
-0.8426290608287476,0.13348813786519706,12,26,4.93,1
-0.3174000449776978,0.20846969557385175,12,26,5.513,2
-0.8303864214655218,0.06884648062886575,12,26,5.006,1
-0.9605412277573667,-0.009996049278179977,12,26,4.804,1
-0.6329014866983906,0.43743370435211826,12,26,5.377,1
-1.3292740453037248,-0.0726816965079399,12,26,4.315,1
-0.9567877200149798,0.08278377687315408,12,26,4.717,1
-1.3413868387463743,0.07500667872306158,12,26,4.174,1
-1.0042545445031799,0.2109339464799389,12,26,4.746,1
-1.9957929181293745,-0.13286588577316236,12,26,3.346,1
-1.4919687938962458,0.04135925197332882,12,26,4.114,1
-1.676278184590866,-0.008699000229805038,12,26,3.837,1
-0.5360823738091527,0.1622117460622078,12,26,5.45,1
-1.224352728444288,0.10536015819098182,12,26,4.414,1
-0.13039889040999797,0.2875188431242438,12,26,5.88,2
-0.672212456369267,0.041239008628431634,12,26,5.272,1
-0.8870234524035298,0.0622025513847871,12,26,4.947,1
-0.7494194031935907,0.3919910077019408,12,26,5.007,1
-1.0112400361398544,0.30928800482582497,12,26,4.7,1
-1.5105020870001464,-0.20710884403920257,12,26,3.577,1
-0.3207672513759063,0.08405945200603598,12,26,5.396,2
-0.6615563818898135,0.1706575724293608,12,26,5.144,1
-0.7001054384889206,0.5501671858016643,12,26,4.993,1
-0.826041456212661,0.40955574852063104,12,26,4.863,1
-0.02345485513718774,0.2514978325415987,12,26,5.632,2
-0.5845860613091407,0.5825029508087287,12,26,5.375,1
-0.5197500688370261,0.49513195385072384,12,26,5.53,1
1.834267438785024,0.4845309372358145,16,26,8.282,2
0.4303893879061132,0.3282555327579158,16,26,6.484,2
0.2846710853320213,0.1723594138842108,16,26,6.245,2
0.897769667450371,0.4296667350225326,16,26,7.19,2
1.1798566384149185,0.53129452760224,16,26,7.321,2
2.684139017748327,-0.013145414533594697,16,26,9.198,2
2.3987956627581126,0.29900642107916947,16,26,9.161,2
2.0964105447537915,0.20552002983191456,16,26,8.489,2
0.7592758101012511,0.3302986170367353,16,26,6.832,2
0.5656946478691864,0.4212289084048459,16,26,6.69,2
-0.6576119961207385,0.24030561184858962,16,26,4.967,1
-1.2201569338517384,0.0014038345946855175,16,26,4.378,1
-0.4770341326154366,0.12731858324054166,16,26,5.168,1
-1.5169959457316786,-0.08005758635886381,16,26,3.9,1
0.14244676689132846,0.13145082817349713,16,26,5.937,2
-1.0360618135430688,0.1401100821697474,16,26,4.585,1
-0.894880990651224,0.006757391526002123,16,26,4.751,1
-1.1136867230417444,0.11018231156267702,16,26,4.512,1
-0.3777308902477262,0.20790382035104882,16,26,5.411,1
-0.18272367966775416,0.13034281902260836,16,26,5.797,2
-0.8014847651797988,0.25987681079274755,16,26,4.751,1
-0.56918955398891,0.19833385477204496,16,26,5.245,1
-0.3092917271284511,0.27251364109303283,16,26,5.398,2
0.6106211041955716,0.34439017680666056,16,26,6.493,2
-0.22624401635934477,0.30583657971079947,16,26,5.393,2
-0.18931828956816332,0.24247261120232694,16,26,5.406,2
0.007039496349996194,0.27732875809809865,16,26,5.871,2
-0.33266760414693614,0.20033038657301305,16,26,5.429,2
-0.3133360585993634,0.17713382892910143,16,26,5.587,2
-0.3013868897167086,0.2439863954237772,16,26,5.595,2
1.5209169781765979,0.25708574074682466,20,26,7.869,2
0.21851627670058138,0.1718567845180631,20,26,6.084,2
0.26301160656462264,0.14964051575898585,20,26,6.033,2
0.811671701669618,0.22178342433066175,20,26,6.811,2
0.976873987720735,0.3600924329923596,20,26,6.959,2
2.3339281047577622,0.008276842394408334,20,26,8.713,2
2.1246939716621367,0.1982697752334638,20,26,8.638,2
1.8305241939295507,0.11928279028273418,20,26,8.046,2
0.5732565259886383,0.14585362069039065,20,26,6.47,2
0.3899525139976764,0.33496646797159746,20,26,6.231,2
-0.5824275561628847,0.18687026314276103,20,26,4.935,1
-1.1106196927855998,0.07584402898024066,20,26,4.336,1
-0.4175023336785612,0.14886663132035605,20,26,5.121,1
-1.566554215181594,-0.15596678707494374,20,26,3.872,1
-0.05587252795774645,-0.3271774589643376,20,26,5.832,2
-1.043847133457903,0.04091721717480232,20,26,4.61,1
-0.8095639151905609,2.096652991294835e-4,20,26,4.694,1
-0.8748710799096041,0.3484682907389435,20,26,4.68,1
-0.2181284221504271,0.30588362990496626,20,26,5.319,2
-0.14685309667303317,0.056940385291463294,20,26,5.758,2
-0.3660844858013704,0.25820732624006176,20,26,5.2,2
0.051203797006915255,0.20590416317805527,20,26,5.719,2
0.30950551160292994,0.2724076910181091,20,26,6.014,2
1.4986507737472523,0.23752047241849591,20,26,7.541,2
0.4911276540125014,0.19374452031163455,20,26,6.264,2
0.40812107397106756,0.37643817884887393,20,26,6.262,2
0.6741024272164056,0.3918749847241323,20,26,6.549,2
0.36126172580362653,0.21721125409597222,20,26,6.058,2
0.4804675699646555,0.3041974532359915,20,26,6.233,2
0.2457456344798968,0.29378046216986975,20,26,6.27,2
4.168835072587134,-0.49935810129440206,24,26,10.602,3
3.827349754177747,-0.6682746535183391,24,26,10.327,3
5.250806090761156,-0.6360958212829378,24,26,12.261,3
3.082117511017798,0.04061850571751019,24,26,9.811,2
5.06908272604931,-0.5562228965930568,24,26,12.233,3
5.318283227300825,-0.6686664522448689,24,26,12.233,3
3.3949326641543682,-0.3770430636664094,24,26,10.341,3
6.687619756907216,-1.1634702813652462,24,26,14.204,3
4.558455855473277,-0.597111116371401,24,26,11.182,3
4.454764490417287,-0.49244100312325156,24,26,11.359,3
9.792949468348915,-1.4311924792821002,24,26,17.743,3
7.56121082323023,-0.792026843689595,24,26,14.991,3
8.280002567766049,-0.8442830670753307,24,26,16.178,3
7.257044326697083,-0.5470004816399558,24,26,14.704,3
7.611122105584077,-0.6173566220101393,24,26,15.437,3
9.173698621740177,-1.7101557093715398,24,26,16.725,3
6.400363440364308,-0.9618899261310488,24,26,13.302,3
6.1232181016460085,-0.7172661558294261,24,26,13.242,3
7.16372102029947,-1.0990782997210142,24,26,14.577,3
7.193691448116305,-1.0239497658874568,24,26,14.448,3
1.6701372843964866,0.34806432405610455,24,26,7.829,2
1.4757672095728052,0.14242036266089067,24,26,7.436,2
1.7231501898667796,0.5353641196840474,24,26,7.946,2
2.713779731292855,0.2343116886309825,24,26,9.179,2
2.7272580501052803,0.4603701835571288,24,26,9.223,2
1.6826407367626555,0.34142854144315077,24,26,7.949,2
3.307492804480719,0.14124660830524957,24,26,10.28,3
2.423829866036041,0.55255501101992,24,26,8.914,2
2.6511277311065298,0.6126366334527386,24,26,9.386,2
2.446524767202693,0.37410603839272527,24,26,8.894,2
-2.090464524319958,-0.33160886903523457,7,28,3.347,1
-2.4285180542245794,-0.43037111370830483,7,28,2.94,1
-2.447883171091115,-0.31421194453207846,7,28,2.948,1
-2.322641330813213,-0.31454381562528544,7,28,3.171,1
-2.3390621675140255,-0.5011500917343144,7,28,3.005,1
-2.3674921042072308,-0.33318131933626516,7,28,3.119,1
-2.3136495195419533,-0.3825287272236435,7,28,3.152,1
-2.3013123444149928,-0.3711720870799324,7,28,2.964,1
-2.391418989536375,-0.3063405840817683,7,28,3.036,1
-2.404447008300067,-0.3733925253309921,7,28,2.939,1
-2.589016703143782,-0.5331789380744245,7,28,2.58,1
-2.510803790876511,-0.5669731966416315,7,28,2.653,1
-2.1981397528349103,-0.5813565174659235,7,28,3.135,1
-2.283406288114902,-0.4667950041000669,7,28,3.26,1
-2.3098035444839233,-0.34668760016896866,7,28,3.158,1
-2.3360219085780494,-0.334435721309103,7,28,3.209,1
-2.318297608542756,-0.31681596642777976,7,28,3.101,1
-2.0380758278248416,-0.379027835824661,7,28,3.461,1
-2.1723270371954326,-0.32337993234864965,7,28,3.228,1
-2.212780703759122,-0.4900593945851437,7,28,3.354,1
-2.236036589699945,-0.3397568890089209,7,28,3.107,1
-2.2759514126229416,-0.43193895229262713,7,28,3.135,1
-2.1678103543500775,-0.4659332033893745,7,28,3.088,1
-2.2166992481295154,-0.5647194513731421,7,28,3.225,1
-1.8414293312083383,-0.19980413793162874,7,28,3.678,1
-2.2004449918691247,-0.3491088182241198,7,28,3.211,1
-1.946901020145465,-0.33790480640825493,7,28,3.598,1
-2.248550975726974,-0.31807009978825457,7,28,3.406,1
-1.6966591279900372,-0.2328333706979564,7,28,3.942,1
-2.3187387527782013,-0.36350767872822526,7,28,3.239,1
-2.1985558348436096,-0.20945015629803304,7,28,3.145,1
-2.4834793886999593,-0.43806687066914984,7,28,2.66,1
-2.405111930784943,-0.3956331432576927,7,28,2.996,1
-2.2703105669879324,-0.36964759353319193,7,28,3.088,1
-2.5509577128129832,-0.4425127642966051,7,28,2.56,1
-2.2281232264446786,-0.20308598920229567,7,28,3.101,1
-2.218974455276768,-0.23091668636857787,7,28,3.386,1
-1.9878373387325181,-0.2791180711502207,7,28,3.588,1
-2.1623478464189136,-0.2587347732428892,7,28,3.308,1
-2.36219764317593,-0.3923500947769658,7,28,2.995,1
-1.2235080746881164,0.017440703004798594,12,28,4.467,1
-1.2184833431139257,-0.04438575253999455,12,28,4.312,1
-1.628696697339197,-0.1251849847944615,12,28,3.82,1
-1.49186592205273,-0.13240637765430027,12,28,4.019,1
-0.9652205156077454,0.009784022957172568,12,28,4.582,1
-0.9910006121610341,-0.05005223500069057,12,28,4.626,1
-1.34503362193562,0.07346619112943992,12,28,4.298,1
-1.5693768104559342,-0.03800607525039627,12,28,4.01,1
-0.8913424212576134,-0.08701178622720587,12,28,4.967,1
-1.0463365606663297,-0.04154256293897025,12,28,4.781,1
-0.860450261490936,0.13200065845005512,12,28,4.944,1
-1.1361537455993365,0.11268143100117915,12,28,4.496,1
-1.2985625779927108,-0.033853361957794884,12,28,4.253,1
-1.3563273698005556,-0.06496435007358825,12,28,4.175,1
-1.109640710956363,0.020634513053046106,12,28,4.357,1
-1.2531747317306758,0.09264474144957426,12,28,4.286,1
-1.1785463642851342,0.14950436916933324,12,28,4.467,1
-1.2620595304704962,0.03843956735673865,12,28,4.363,1
-1.3520744296786658,-0.10109487043163673,12,28,4.28,1
-0.5901049700569808,0.11873798573035385,12,28,5.444,1
-0.3634648336571601,0.08821423686105263,16,28,5.479,1
0.04000662734893421,0.238615278224173,16,28,5.947,2
-0.6584095800062417,0.00577537301068712,16,28,4.942,1
0.6696691559489647,0.34581648298331585,16,28,6.808,2
-0.1735807072881126,0.17903319764997466,16,28,5.432,2
-0.3215310800071537,0.19920569577232256,16,28,5.537,2
-0.062385918523351694,0.17260360600617772,16,28,5.739,2
0.41428953109367656,0.31930098509555405,16,28,6.326,2
-0.5270770273003011,-0.008939464234277593,16,28,5.167,1
-0.24116491424538636,0.28415451971726025,16,28,5.669,2
0.6983070077400952,-0.2275600750744855,16,28,6.486,2
0.05567715553704891,0.2051806591680052,16,28,5.803,2
0.44870603050375407,0.2849473101340656,16,28,6.368,2
2.02511319259923,0.32163642320996716,16,28,8.36,2
1.342348312627262,0.23309427179297545,16,28,7.371,2
1.6462071543338863,0.38927761428834246,16,28,7.726,2
1.9675589163485903,0.18581783404037464,16,28,8.595,2
1.29148669058918,-0.03406020285165631,16,28,7.483,2
1.0493572032524718,0.20386441535781102,16,28,7.055,2
2.441168836151291,-0.27135423294343247,16,28,8.973,2
0.1823116239008342,0.2259806401386842,20,28,5.865,2
0.7715924628034141,0.3436391517814537,20,28,6.653,2
-0.07663466365395347,-0.0019453078266309734,20,28,5.575,2
1.4054977904253725,0.34332938585663414,20,28,7.556,2
0.459302742512675,0.11117708187411568,20,28,6.105,2
0.33584349639260447,0.4758990259839345,20,28,6.164,2
0.6108223541377009,0.30001193647018737,20,28,6.375,2
1.2558928517043628,0.22708915809431693,20,28,7.222,2
0.11216781212391455,0.0766810119274421,20,28,5.684,2
0.4328708250610685,0.27532287878116835,20,28,6.375,2
0.7930110071885464,-0.4968310987753444,20,28,6.574,2
0.05971344693180841,0.2312570825489113,20,28,5.793,2
0.6594268387995705,0.19514594432165672,20,28,6.601,2
2.2068948903409638,0.028365982535859577,20,28,8.777,2
1.4020721455960856,0.1757379853033479,20,28,7.591,2
1.7042105214759893,0.2964361582998888,20,28,7.776,2
2.276828319904115,0.3433526038777544,20,28,8.732,2
1.4162050721474824,-0.17840469010927315,20,28,7.527,2
1.176321612182285,0.16025292026905533,20,28,7.142,2
2.7255580524442626,-0.30350535823702923,20,28,9.196,2
5.36559086625016,-0.3354749818543489,24,28,11.966,3
5.077242954791348,-0.8619812879578418,24,28,11.784,3
5.120484830348903,-0.456343766696875,24,28,11.969,3
6.4489563965751415,-1.2765343950708539,24,28,13.893,3
4.792133195262495,-0.5132857290561246,24,28,11.912,3
5.278321538947035,-0.4766778084246871,24,28,12.187,3
3.751773806155849,-0.37819583059447304,24,28,10.205,3
4.569776488092002,-0.40257486137449183,24,28,10.918,3
5.070185503362094,-0.87582716828161,24,28,11.441,3
4.623863200262656,-0.6500699297708824,24,28,11.364,3
5.16714585691661,-0.9272495120235443,24,28,12.121,3
6.047921005188468,-0.7667471192190954,24,28,12.991,3
6.669675935336181,-0.7270795234417667,24,28,13.717,3
6.3290585101329375,-0.7625904576420077,24,28,13.864,3
4.056595693126073,-0.3665836071598459,24,28,10.311,3
5.912568476981768,-0.8245859249621812,24,28,12.915,3
5.607693362143543,-0.40175718012363504,24,28,12.528,3
5.515910746710773,-0.7231581984968815,24,28,12.49,3
6.278286869043574,-1.0227893607101126,24,28,13.256,3
5.9015761236726005,-0.7179298269841295,24,28,12.968,3
