DPH,Temperature,Tank,Diet,SL,Eye,Head,Trunk,Notochord
7,20,16,1,3.347,0.301,0.701,0.716,1.933
7,20,16,1,3.165,0.33,0.699,0.648,1.909
7,20,16,1,3.357,0.354,0.69,0.643,2.019
7,20,16,1,3.512,0.361,0.76,0.701,2.15
7,20,16,1,3.058,0.267,0.693,0.593,1.682
7,20,16,1,3.218,0.3,0.719,0.616,1.957
7,20,16,1,3.295,0.299,0.799,0.612,1.967
7,20,16,1,3.393,0.346,0.716,0.657,1.917
7,20,16,1,3.269,0.318,0.794,0.624,2.062
7,20,16,1,3.571,0.314,0.693,0.673,2.192
7,20,17,1,3.032,0.315,0.748,0.623,1.752
7,20,17,1,3.416,0.301,0.697,0.653,1.996
7,20,17,1,3.387,0.314,0.784,0.644,2.055
7,20,17,1,3.348,0.325,0.715,0.616,1.957
7,20,17,1,3.349,0.358,0.746,0.708,1.886
7,20,17,1,3.471,0.321,0.662,0.72,2.07
7,20,17,1,3.711,0.349,0.741,0.638,2.253
7,20,17,1,3.165,0.286,0.658,0.57,1.781
7,20,17,1,3.476,0.322,0.748,0.619,2.147
7,20,17,1,3.532,0.31,0.685,0.634,2.07
7,20,18,1,3.31,0.304,0.832,0.57,1.819
7,20,18,1,3.111,0.295,0.712,0.606,1.754
7,20,18,1,3.202,0.289,0.74,0.534,1.93
7,20,18,1,3.268,0.301,0.686,0.58,1.827
7,20,18,1,3.554,0.284,0.708,0.659,1.964
7,20,18,1,3.348,0.311,0.841,0.577,1.763
7,20,18,1,3.233,0.3,0.74,0.616,1.914
7,20,18,1,3.223,0.335,0.779,0.687,1.824
7,20,18,1,3.292,0.296,0.791,0.586,1.957
7,20,18,1,3.348,0.337,0.642,0.599,1.871
12,20,16,2,3.944,0.397,0.991,0.747,2.431
12,20,16,2,4.409,0.427,1.14,0.862,2.458
12,20,16,2,4.68,0.429,1.173,0.892,2.878
12,20,16,2,4.631,0.456,1.189,0.796,2.679
12,20,16,2,3.569,0.394,0.85,0.721,2.045
12,20,16,2,4.602,0.424,1.09,0.852,2.725
12,20,16,2,4.33,0.393,0.972,0.764,2.64
12,20,16,2,4.283,0.382,0.95,0.757,2.537
12,20,16,2,4.353,0.414,1.082,0.781,2.646
12,20,16,2,4.026,0.411,1.13,0.771,2.218
12,20,17,2,4.436,0.41,1.127,0.76,2.648
12,20,17,2,4.196,0.446,1.035,0.72,2.509
12,20,17,2,4.434,0.448,1.083,0.756,2.628
12,20,17,2,4.583,0.449,1.11,0.826,2.62
12,20,17,2,4.545,0.408,1.037,0.838,2.695
12,20,17,2,3.638,0.39,0.948,0.628,1.931
12,20,17,2,4.239,0.407,1.052,0.727,2.51
12,20,17,2,4.299,0.433,1.239,0.764,2.437
12,20,17,2,4.13,0.403,1.082,0.73,2.436
12,20,17,2,4.437,0.396,0.963,0.706,2.548
12,20,18,2,5.112,0.462,1.224,0.864,3.029
12,20,18,2,4.311,0.439,1.088,0.709,2.466
12,20,18,2,4.339,0.42,1.054,0.827,2.41
12,20,18,2,4.23,0.449,1.087,0.681,2.454
12,20,18,2,4.247,0.426,1.015,0.729,2.232
12,20,18,2,4.434,0.368,0.982,0.783,2.621
12,20,18,2,4.819,0.427,1.083,0.809,2.886
12,20,18,2,4.376,0.367,1.002,0.731,2.597
12,20,18,2,4.295,0.402,1.019,0.813,2.539
12,20,18,2,4.804,0.413,1.149,0.821,2.887
20,20,16,4,7,0.662,2.021,1.492,3.915
20,20,16,4,7.01,0.615,2,1.395,3.752
20,20,16,4,6.629,0.628,1.935,1.49,3.794
20,20,16,4,7.488,0.681,2.172,1.722,4.145
20,20,16,4,6.533,0.625,1.957,1.503,3.914
20,20,16,4,5.971,0.561,1.954,1.379,3.448
20,20,16,4,6.778,0.621,1.952,1.413,3.929
20,20,16,4,6.48,0.577,1.722,1.247,3.906
20,20,16,4,6.192,0.591,1.608,1.429,3.763
20,20,16,4,7.406,0.717,2.038,1.553,4.074
20,20,17,4,6.908,0.648,2.069,1.505,3.948
20,20,17,4,7.246,0.685,2.183,1.679,3.976
20,20,17,4,6.576,0.613,1.93,1.361,3.787
20,20,17,4,5.769,0.575,1.643,1.145,3.921
20,20,17,4,6.949,0.664,1.956,1.407,4.162
20,20,17,4,7.556,0.658,2.004,1.638,4.421
20,20,17,4,6.287,0.538,1.606,1.202,3.692
20,20,17,4,6.831,0.64,1.67,1.448,4.053
20,20,17,4,7.401,0.637,1.932,1.622,4.54
20,20,17,4,6.828,0.662,1.867,1.472,3.983
20,20,18,4,7.029,0.672,2.09,1.476,3.943
20,20,18,4,7.558,0.694,2.195,1.466,4.387
20,20,18,4,7.13,0.687,2.03,1.498,4.121
20,20,18,4,6.889,0.654,1.998,1.491,3.874
20,20,18,4,7.115,0.687,2.063,1.536,3.969
20,20,18,4,7.594,0.653,2.014,1.759,4.29
20,20,18,4,7.242,0.647,1.937,1.675,4.23
20,20,18,4,7.159,0.663,1.895,1.601,4.144
20,20,18,4,7.287,0.698,2.024,1.612,4.279
20,20,18,4,6.799,0.659,1.873,1.405,4.027
24,20,16,4,8.359,0.771,2.509,1.78,4.669
24,20,16,4,8.43,0.746,2.491,1.932,4.727
24,20,16,4,8.225,0.744,2.38,1.827,4.28
24,20,16,4,10.398,0.878,3.111,2.67,5.118
24,20,16,4,8.673,0.81,2.552,1.919,4.554
24,20,16,4,7.707,0.721,2.331,1.693,4.337
24,20,16,4,7.817,0.791,2.378,1.604,4.244
24,20,16,4,8.874,0.802,2.804,1.812,4.649
24,20,16,4,9.757,0.845,3.012,1.972,4.943
24,20,16,4,8.667,0.807,2.624,1.801,4.58
24,20,17,4,8.453,0.752,2.543,1.783,4.691
24,20,17,4,7.41,0.702,2.235,1.509,4.187
24,20,17,4,8.014,0.751,2.415,1.666,4.365
24,20,17,4,9.414,0.871,2.776,2.032,5
24,20,17,4,8.665,0.814,2.614,1.788,4.648
24,20,17,4,6.645,0.66,1.912,1.409,3.798
24,20,17,4,10.24,0.9,3.212,2.905,4.901
24,20,17,4,8.921,0.81,2.64,1.986,4.579
24,20,17,4,8.854,0.772,2.669,1.975,4.753
24,20,17,4,8.382,0.775,2.534,1.754,4.466
24,20,18,4,8.342,0.775,2.449,1.553,4.757
24,20,18,4,8.567,0.789,2.672,1.907,4.667
24,20,18,4,7.983,0.769,2.272,1.413,4.472
24,20,18,4,8.437,0.768,2.387,1.648,4.515
24,20,18,4,7.862,0.777,2.336,1.553,4.436
24,20,18,4,8.213,0.733,2.474,1.731,4.583
24,20,18,4,8.312,0.724,2.385,1.712,4.431
24,20,18,4,7.601,0.702,2.324,1.503,4.228
24,20,18,4,8.195,0.707,2.333,1.689,4.544
24,20,18,4,10.156,0.849,2.98,2.211,5.397
7,24,1,1,3.284,0.314,0.786,0.746,1.834
7,24,1,1,3.4,0.288,0.794,0.804,1.954
7,24,1,1,2.672,0.299,0.817,0.61,1.33
7,24,1,1,2.671,0.269,0.64,0.488,1.447
7,24,1,1,2.582,0.237,0.508,0.554,1.413
7,24,1,1,2.806,0.291,0.745,0.627,1.451
7,24,1,1,2.853,0.351,0.776,0.79,1.191
7,24,1,1,3.041,0.295,0.751,0.663,1.57
7,24,1,1,3.222,0.301,0.712,0.615,1.844
7,24,1,1,3.415,0.295,0.856,0.726,1.864
7,24,4,1,2.749,0.259,0.705,0.559,1.523
7,24,4,1,2.772,0.261,0.603,0.503,1.606
7,24,4,1,3.089,0.272,0.584,0.638,1.644
7,24,4,1,3.079,0.316,0.712,0.475,1.801
7,24,4,1,2.884,0.324,0.676,0.682,1.704
7,24,4,1,3.09,0.304,0.653,0.523,2.175
7,24,4,1,3.098,0.253,0.645,0.556,1.868
7,24,4,1,3.258,0.281,0.746,0.704,1.922
7,24,4,1,2.389,0.259,0.563,0.434,1.355
7,24,4,1,3.35,0.289,0.727,0.593,2.012
7,24,7,1,2.921,0.258,0.706,0.526,1.769
7,24,7,1,3.037,0.272,0.644,0.481,1.873
7,24,7,1,3.398,0.268,0.732,0.594,2.158
7,24,7,1,2.95,0.231,0.584,0.52,1.849
7,24,7,1,3.124,0.253,0.611,0.546,1.904
7,24,7,1,3.175,0.301,0.761,0.547,1.812
7,24,7,1,2.728,0.258,0.629,0.517,1.538
7,24,7,1,2.84,0.251,0.565,0.515,1.829
7,24,7,1,3.295,0.288,0.763,0.569,1.977
7,24,7,1,3.186,0.308,0.768,0.507,1.842
7,24,11,1,3.146,0.298,0.83,0.583,1.819
7,24,11,1,3.155,0.243,0.705,0.524,1.888
7,24,11,1,3.127,0.285,0.648,0.559,1.59
7,24,11,1,2.91,0.341,0.751,0.552,1.784
7,24,11,1,3.058,0.268,0.629,0.455,1.793
7,24,11,1,3.307,0.267,0.701,0.652,1.93
7,24,11,1,2.842,0.245,0.617,0.481,1.678
7,24,11,1,3.195,0.321,0.731,0.545,1.663
7,24,11,1,3.241,0.318,0.757,0.512,1.959
7,24,11,1,3.347,0.306,0.821,0.611,1.811
7,24,14,1,2.81,0.271,0.631,0.561,1.579
7,24,14,1,2.845,0.299,0.619,0.551,1.562
7,24,14,1,2.554,0.243,0.644,0.431,1.558
7,24,14,1,2.754,0.24,0.612,0.426,1.565
7,24,14,1,2.901,0.276,0.746,0.464,1.674
7,24,14,1,3.043,0.257,0.65,0.437,1.843
7,24,14,1,3.439,0.327,0.712,0.645,2.11
7,24,14,1,3.325,0.274,0.688,0.624,1.962
7,24,14,1,3.391,0.328,0.735,0.561,1.908
7,24,14,1,3.388,0.335,0.812,0.521,1.989
12,24,1,2,8.394,0.822,1.696,1.432,5.217
12,24,1,2,7.613,0.849,1.735,1.093,4.99
12,24,1,2,7.421,0.808,1.913,1.223,4.317
12,24,1,2,7.408,0.925,1.987,1.449,4.515
12,24,1,2,8.849,0.749,2.047,1.498,5.361
12,24,1,2,8.519,0.81,1.823,1.575,4.735
12,24,1,2,7.702,0.858,1.727,1.172,4.501
12,24,1,2,7.862,0.745,1.748,1.341,4.42
12,24,1,2,7.796,0.925,2.04,1.324,4.042
12,24,1,2,8.827,0.854,2,2.077,5.201
12,24,4,2,4.687,0.378,1.145,0.871,2.97
12,24,4,2,3.752,0.44,0.948,0.672,2.113
12,24,4,2,4.349,0.427,1.002,0.735,2.616
12,24,4,2,4.097,0.415,1.031,0.665,2.389
12,24,4,2,3.719,0.48,0.994,0.61,2.228
12,24,4,2,4.773,0.481,1.202,0.695,2.968
12,24,4,2,3.977,0.416,0.941,0.616,2.169
12,24,4,2,4.188,0.571,1.003,0.614,2.538
12,24,4,2,5.798,0.494,1.328,0.92,3.437
12,24,4,2,5.199,0.419,0.519,1.091,2.864
12,24,7,2,3.844,0.41,1.019,0.619,2.287
12,24,7,2,4.37,0.451,1.219,0.78,2.459
12,24,7,2,4.831,0.442,1.16,0.869,2.669
12,24,7,2,4.748,0.46,1.231,0.731,2.679
12,24,7,2,5.019,0.498,1.226,0.84,3.072
12,24,7,2,4.276,0.415,1.053,0.802,2.555
12,24,7,2,4.097,0.373,0.91,0.578,2.612
12,24,7,2,4.465,0.416,1.101,0.871,2.577
12,24,7,2,4.571,0.493,1.147,0.723,2.63
12,24,7,2,4.286,0.452,1.106,0.815,2.439
12,24,11,2,5.894,0.558,1.541,1.156,3.381
12,24,11,2,4.598,0.465,1.11,0.721,2.203
12,24,11,2,5.754,0.521,1.511,1.091,3.009
12,24,11,2,5.329,0.526,1.538,1.052,2.979
12,24,11,2,6.141,0.599,1.617,1.125,3.039
12,24,11,2,4.676,0.459,1.189,0.984,2.691
12,24,11,2,5.019,0.452,1.308,1.031,2.688
12,24,11,2,4.744,0.437,1.22,0.916,2.628
12,24,11,2,5.298,0.521,1.467,1.012,2.681
12,24,11,2,4.235,0.386,0.967,0.717,2.171
12,24,14,2,4.76,0.48,1.124,0.772,2.88
12,24,14,2,4.348,0.504,1.072,0.773,2.73
12,24,14,2,4.059,0.426,0.857,0.674,2.492
12,24,14,2,4.521,0.489,1.036,0.744,2.857
12,24,14,2,4.289,0.427,0.911,0.585,2.697
12,24,14,2,4.259,0.463,0.989,0.642,2.525
12,24,14,2,4.259,0.455,1.023,0.565,2.582
12,24,14,2,3.751,0.367,0.776,0.517,2.335
12,24,14,2,4.278,0.416,0.912,0.59,2.625
12,24,14,2,4.538,0.49,1.029,0.666,2.722
16,24,1,3,7.09,0.642,1.815,1.548,4.149
16,24,1,3,5.033,0.492,1.24,0.993,3.217
16,24,1,3,4.669,0.454,1.132,0.886,2.816
16,24,1,3,4.626,0.465,1.123,0.848,2.874
16,24,1,3,4.815,0.475,1.123,0.808,2.819
16,24,1,3,6.067,0.555,1.586,1.171,3.407
16,24,1,3,6.443,0.582,1.643,1.247,3.731
16,24,1,3,6.393,0.575,1.741,1.256,3.589
16,24,1,3,7.06,0.615,1.893,1.425,4.007
16,24,1,3,7.327,0.653,1.95,1.418,4.111
16,24,4,3,5.918,0.522,1.421,1.216,3.566
16,24,4,3,6.181,0.583,1.578,1.19,3.3
16,24,4,3,6.285,0.636,1.596,1.205,3.623
16,24,4,3,5.864,0.561,1.615,1.13,3.419
16,24,4,3,7.308,0.658,1.838,1.569,3.948
16,24,4,3,6.054,0.613,1.608,1.216,3.708
16,24,4,3,6.694,0.664,1.589,1.457,4.107
16,24,4,3,6.958,0.667,1.737,1.423,4.004
16,24,4,3,7.001,0.656,1.686,1.455,4.214
16,24,4,3,6.873,0.647,1.723,1.451,3.994
16,24,7,3,5.69,0.573,1.566,1.067,3.243
16,24,7,3,5.537,0.544,1.353,1.015,3.171
16,24,7,3,5.899,0.585,1.505,1.145,3.477
16,24,7,3,5.826,0.583,1.565,1.107,3.105
16,24,7,3,5.196,0.539,1.387,0.935,2.855
16,24,7,3,4.981,0.479,1.221,0.806,3.072
16,24,7,3,5.418,0.554,1.477,1.022,3.207
16,24,7,3,5.11,0.508,1.311,0.888,2.991
16,24,7,3,5.023,0.505,1.291,0.945,2.792
16,24,7,3,6.089,0.587,1.644,1.234,3.396
16,24,11,3,5.146,0.476,1.382,0.874,3.078
16,24,11,3,5.947,0.545,1.552,1.036,3.315
16,24,11,3,5.222,0.515,1.402,0.869,3.013
16,24,11,3,5.13,0.514,1.417,0.902,2.863
16,24,11,3,6.508,0.593,1.897,1.195,3.629
16,24,11,3,5.96,0.524,1.447,1.082,3.516
16,24,11,3,6.131,0.546,1.659,1.281,3.497
16,24,11,3,4.28,0.467,1.26,0.746,2.433
16,24,11,3,5.754,0.541,1.515,0.983,3.428
16,24,11,3,5.27,0.507,1.426,1.002,3.321
16,24,14,3,5.553,0.532,1.517,1.114,3.359
16,24,14,3,6.309,0.63,1.724,1.175,3.807
16,24,14,3,5.763,0.581,1.64,1.092,3.383
16,24,14,3,6.018,0.607,1.599,1.044,3.299
16,24,14,3,7.108,0.663,1.926,1.44,3.993
16,24,14,3,7.247,0.693,2.052,1.676,4.152
16,24,14,3,6.326,0.626,1.612,1.371,3.666
16,24,14,3,5.895,0.588,1.459,1.249,3.433
16,24,14,3,5.284,0.569,1.383,0.984,2.914
16,24,14,3,5.86,0.605,1.516,1.077,3.17
20,24,1,4,7.047,0.636,1.985,1.568,4.02
20,24,1,4,5.21,0.503,1.358,1.021,3.151
20,24,1,4,4.553,0.486,1.289,0.829,2.754
20,24,1,4,4.633,0.486,1.292,0.899,2.657
20,24,1,4,4.668,0.474,1.398,0.948,2.598
20,24,1,4,5.974,0.554,1.719,1.226,3.351
20,24,1,4,6.342,0.607,1.847,1.24,3.708
20,24,1,4,6.337,0.578,1.919,1.228,3.576
20,24,1,4,7.084,0.628,2.095,1.463,4.031
20,24,1,4,7.397,0.666,2.19,1.498,3.988
20,24,4,4,5.543,0.493,1.575,1.181,3.225
20,24,4,4,5.828,0.564,1.723,1.211,3.26
20,24,4,4,5.906,0.58,1.762,1.178,3.359
20,24,4,4,5.535,0.538,1.739,1.112,3.29
20,24,4,4,6.851,0.632,2.017,1.444,3.868
20,24,4,4,5.713,0.599,1.549,1.199,3.505
20,24,4,4,6.336,0.607,1.69,1.37,3.726
20,24,4,4,6.495,0.624,1.854,1.295,3.687
20,24,4,4,6.58,0.606,1.782,1.393,3.815
20,24,4,4,6.715,0.596,1.793,1.37,3.765
20,24,7,4,5.676,0.565,1.653,1.026,3.173
20,24,7,4,5.514,0.568,1.64,1.117,3.204
20,24,7,4,5.862,0.598,1.805,1.054,3.409
20,24,7,4,5.767,0.581,1.715,1.083,3.237
20,24,7,4,5.045,0.527,1.44,0.908,2.783
20,24,7,4,4.961,0.483,1.287,0.824,2.962
20,24,7,4,5.521,0.528,1.552,1.041,3.17
20,24,7,4,5.06,0.499,1.403,0.864,3.029
20,24,7,4,5.061,0.526,1.389,0.95,2.939
20,24,7,4,6.045,0.574,1.776,1.239,3.556
20,24,11,4,5.714,0.549,1.644,1.098,3.578
20,24,11,4,6.585,0.601,1.905,1.302,3.799
20,24,11,4,5.849,0.571,1.716,1.042,3.518
20,24,11,4,5.728,0.589,1.717,1.167,3.333
20,24,11,4,7.358,0.692,2.125,1.505,4.124
20,24,11,4,6.701,0.588,1.927,1.364,3.917
20,24,11,4,6.911,0.618,1.953,1.503,3.898
20,24,11,4,4.929,0.503,1.569,0.839,2.751
20,24,11,4,6.482,0.605,1.847,1.113,3.799
20,24,11,4,5.962,0.554,1.784,1.119,3.621
20,24,14,4,5.252,0.49,1.466,1.052,2.986
20,24,14,4,5.529,0.557,1.699,1.123,3.363
20,24,14,4,5.147,0.501,1.443,1.052,3.088
20,24,14,4,5.502,0.538,1.467,1.006,3.21
20,24,14,4,6.278,0.62,1.814,1.238,3.502
20,24,14,4,6.646,0.639,1.78,1.615,3.716
20,24,14,4,5.588,0.563,1.494,1.317,3.289
20,24,14,4,5.114,0.517,1.477,1.143,3.22
20,24,14,4,4.702,0.503,1.438,0.959,2.773
20,24,14,4,5.216,0.525,1.521,1.033,3.007
24,24,1,4,6.272,0.625,1.807,1.181,3.869
24,24,1,4,5.888,0.591,1.773,1.035,3.763
24,24,1,4,6.227,0.605,1.865,1.036,3.635
24,24,1,4,7.149,0.712,2.175,1.643,4.334
24,24,1,4,6.064,0.656,1.931,1.327,3.771
24,24,1,4,8.545,0.76,2.524,1.703,4.812
24,24,1,4,8.141,0.753,2.281,1.503,4.419
24,24,1,4,6.069,0.638,1.975,1.212,3.555
24,24,1,4,5.893,0.611,1.845,1.039,3.68
24,24,1,4,6.102,0.626,2.023,1.197,3.501
24,24,4,4,8.362,0.765,2.662,2.008,4.534
24,24,4,4,7.949,0.728,2.48,1.738,4.234
24,24,4,4,8.846,0.816,2.789,2.249,4.458
24,24,4,4,9.436,0.839,3.099,2.267,4.667
24,24,4,4,11.35,0.987,4.058,3.177,5.114
24,24,4,4,11.083,0.97,3.667,2.988,5.466
24,24,4,4,9.448,0.889,3.131,2.165,4.72
24,24,4,4,10.472,0.939,3.301,2.78,5.145
24,24,4,4,9.312,0.894,3.123,2.138,4.911
24,24,4,4,9.727,0.903,3.113,1.929,5.128
24,24,7,4,7.646,0.668,2.281,1.31,4.164
24,24,7,4,9.794,0.816,2.774,2.298,5.152
24,24,7,4,8.642,0.8,2.724,1.798,4.653
24,24,7,4,6.073,0.61,1.808,1.102,3.656
24,24,7,4,8.285,0.701,2.403,1.465,4.685
24,24,7,4,8.122,0.739,2.424,1.643,4.287
24,24,7,4,7.524,0.683,2.394,1.526,3.943
24,24,7,4,7.679,0.649,2.35,1.528,4.275
24,24,7,4,7.558,0.677,2.177,1.357,4.23
24,24,7,4,9.322,0.79,2.89,1.88,4.728
24,24,11,4,9.365,0.89,2.937,2.439,4.594
24,24,11,4,9.894,0.937,3.249,2.613,4.743
24,24,11,4,9.276,0.845,2.902,2.111,4.874
24,24,11,4,12.54,1.008,3.972,3.713,5.496
24,24,11,4,10.39,0.964,3.429,2.455,5.242
24,24,11,4,10.577,0.886,3.174,2.586,5.488
24,24,11,4,11.827,0.962,3.656,3.511,5.36
24,24,11,4,8.703,0.801,2.56,1.853,4.606
24,24,11,4,10.54,0.951,3.377,2.535,5.042
24,24,11,4,9.769,0.887,2.888,2.029,5.315
24,24,14,4,9.002,0.833,2.937,2.129,4.766
24,24,14,4,8.866,0.775,3.039,1.804,4.573
24,24,14,4,8.011,0.759,2.559,1.557,4.533
24,24,14,4,6.314,0.62,2.14,1.11,3.623
24,24,14,4,8.489,0.787,2.605,1.122,4.36
24,24,14,4,7.491,0.701,2.282,1.526,4.176
24,24,14,4,7.605,0.675,2.237,1.629,4.249
24,24,14,4,6.514,0.694,2.26,1.197,3.42
24,24,14,4,6.506,0.642,2.123,1.428,3.647
24,24,14,4,6.967,0.666,2.269,1.479,4.051
7,26,3,1,3.049,0.318,0.682,0.69,1.737
7,26,3,1,2.854,0.242,0.516,0.557,1.617
7,26,3,1,3.243,0.29,0.668,0.642,1.821
7,26,3,1,3.523,0.314,0.707,0.637,1.904
7,26,3,1,3.271,0.275,0.733,0.766,1.774
7,26,3,1,3.921,0.335,0.768,0.753,2.207
7,26,3,1,3.496,0.296,0.762,0.697,1.957
7,26,3,1,3.573,0.281,0.783,0.666,2.082
7,26,3,1,3.631,0.327,0.833,0.651,2.046
7,26,3,1,3.492,0.283,0.792,0.629,1.981
7,26,8,1,2.851,0.253,0.694,0.567,1.689
7,26,8,1,3.163,0.303,0.717,0.633,1.818
7,26,8,1,3.245,0.292,0.703,0.663,1.834
7,26,8,1,3.066,0.271,0.677,0.576,1.827
7,26,8,1,3.361,0.309,0.773,0.745,1.775
7,26,8,1,2.956,0.248,0.705,0.641,1.649
7,26,8,1,3.237,0.28,0.674,0.661,1.856
7,26,8,1,3.34,0.289,0.719,0.64,1.892
7,26,8,1,3.348,0.283,0.712,0.631,1.952
7,26,8,1,3.32,0.286,0.729,0.561,1.779
7,26,10,1,3.357,0.282,0.756,0.564,1.977
7,26,10,1,3.507,0.309,0.761,0.726,2.071
7,26,10,1,3.36,0.311,0.873,0.611,2.005
7,26,10,1,3.483,0.324,0.716,0.736,1.886
7,26,10,1,3.294,0.298,0.806,0.642,1.941
7,26,10,1,3.798,0.321,0.883,0.696,2.336
7,26,10,1,3.737,0.331,0.781,0.776,2.066
7,26,10,1,3.69,0.305,0.735,0.68,2.027
7,26,10,1,3.546,0.288,0.706,0.694,2.074
7,26,10,1,3.44,0.257,0.7,0.657,1.932
7,26,6,1,2.95,0.262,0.663,0.478,1.809
7,26,6,1,3.205,0.265,0.718,0.582,1.819
7,26,6,1,2.986,0.252,0.767,0.604,1.771
7,26,6,1,2.968,0.254,0.678,0.427,1.627
7,26,6,1,2.81,0.287,0.795,0.655,1.395
7,26,6,1,3.136,0.244,0.632,0.525,1.835
7,26,6,1,3.208,0.304,0.65,0.487,2.063
7,26,6,1,3.217,0.301,0.648,0.541,1.805
7,26,6,1,3.399,0.296,0.668,0.588,1.928
7,26,6,1,3.261,0.283,0.633,0.545,1.875
7,26,13,1,2.851,0.237,0.571,0.468,1.791
7,26,13,1,3.26,0.28,0.639,0.579,1.922
7,26,13,1,2.953,0.223,0.575,0.551,1.811
7,26,13,1,2.92,0.207,0.642,0.46,1.857
7,26,13,1,2.713,0.212,0.688,0.498,1.488
7,26,13,1,2.86,0.233,0.689,0.528,1.652
7,26,13,1,3.037,0.272,0.684,0.58,1.724
7,26,13,1,3.016,0.258,0.624,0.481,1.792
7,26,13,1,3.083,0.29,0.743,0.586,1.675
7,26,13,1,3.148,0.289,0.695,0.683,1.681
12,26,3,2,4.324,0.435,1.103,0.785,2.617
12,26,3,2,4.784,0.466,1.186,0.902,2.648
12,26,3,2,5.117,0.51,1.308,0.918,2.92
12,26,3,2,4.93,0.442,1.203,0.91,2.977
12,26,3,2,5.513,0.532,1.428,1.014,3.226
12,26,3,2,5.006,0.448,1.173,0.955,2.917
12,26,3,2,4.804,0.423,1.156,0.956,2.807
12,26,3,2,5.377,0.495,1.101,0.839,3.3
12,26,3,2,4.315,0.405,0.987,0.844,2.514
12,26,3,2,4.717,0.475,0.958,0.954,2.85
12,26,8,2,4.174,0.452,1.055,0.666,2.486
12,26,8,2,4.746,0.457,1.083,0.788,2.885
12,26,8,2,3.346,0.348,0.851,0.566,2.042
12,26,8,2,4.114,0.418,1.029,0.617,2.386
12,26,8,2,3.837,0.393,0.859,0.646,2.318
12,26,8,2,5.45,0.5,1.273,0.977,3.081
12,26,8,2,4.414,0.441,0.915,0.811,2.708
12,26,8,2,5.88,0.53,1.358,1.125,3.493
12,26,8,2,5.272,0.487,1.152,1.033,2.935
12,26,8,2,4.947,0.474,1.096,0.921,2.81
12,26,10,2,5.007,0.512,1.054,0.817,3.165
12,26,10,2,4.7,0.51,0.918,0.747,2.891
12,26,10,2,3.577,0.532,0.933,0.721,1.982
12,26,10,2,5.396,0.542,1.385,1.111,3.133
12,26,10,2,5.144,0.505,1.127,0.976,3.047
12,26,10,2,4.993,0.552,1.107,0.688,3.225
12,26,10,2,4.863,0.533,1.094,0.707,3.032
12,26,10,2,5.632,0.622,1.779,0.926,3.192
12,26,10,2,5.375,0.528,1.157,0.723,3.364
12,26,10,2,5.53,0.576,1.292,0.669,3.135
16,26,3,3,8.282,0.752,2.447,1.554,4.525
16,26,3,3,6.484,0.625,1.733,1.19,3.67
16,26,3,3,6.245,0.61,1.641,1.254,3.488
16,26,3,3,7.19,0.69,1.759,1.349,4.004
16,26,3,3,7.321,0.73,2.191,1.24,4.111
16,26,3,3,9.198,0.818,2.63,2.297,4.726
16,26,3,3,9.161,0.73,2.53,2.034,4.932
16,26,3,3,8.489,0.771,2.485,1.88,4.51
16,26,3,3,6.832,0.636,1.726,1.428,3.994
16,26,3,3,6.69,0.637,1.776,1.189,3.824
16,26,8,3,4.967,0.502,1.388,0.829,3.039
16,26,8,3,4.378,0.466,1.073,0.76,2.486
16,26,8,3,5.168,0.522,1.34,1.029,3.097
16,26,8,3,3.9,0.427,0.89,0.761,2.337
16,26,8,3,5.937,0.583,1.593,1.258,3.439
16,26,8,3,4.585,0.474,1.164,0.757,2.732
16,26,8,3,4.751,0.493,1.131,0.931,2.725
16,26,8,3,4.512,0.45,1.027,0.822,2.756
16,26,8,3,5.411,0.544,1.326,1.013,3.182
16,26,8,3,5.797,0.531,1.471,1.118,3.254
16,26,10,3,4.751,0.502,1.329,0.75,2.944
16,26,10,3,5.245,0.513,1.468,0.833,2.986
16,26,10,3,5.398,0.575,1.507,0.899,3.154
16,26,10,3,6.493,0.67,1.901,1.192,3.707
16,26,10,3,5.393,0.603,1.614,0.86,3.16
16,26,10,3,5.406,0.553,1.596,1.009,3.307
16,26,10,3,5.871,0.513,1.567,1.17,3.619
16,26,10,3,5.429,0.498,1.493,1.03,3.288
16,26,10,3,5.587,0.502,1.574,0.987,3.208
16,26,10,3,5.595,0.508,1.439,1.023,3.324
20,26,3,4,7.869,0.684,2.334,1.617,4.268
20,26,3,4,6.084,0.58,1.746,1.203,3.477
20,26,3,4,6.033,0.58,1.864,1.201,3.473
20,26,3,4,6.811,0.624,2.04,1.389,3.864
20,26,3,4,6.959,0.71,2.077,1.298,3.894
20,26,3,4,8.713,0.764,2.553,2.153,4.591
20,26,3,4,8.638,0.71,2.488,1.971,4.685
20,26,3,4,8.046,0.719,2.398,1.873,4.383
20,26,3,4,6.47,0.608,1.819,1.408,3.715
20,26,3,4,6.231,0.591,1.865,1.164,3.719
20,26,8,4,4.935,0.517,1.487,0.86,3.009
20,26,8,4,4.336,0.479,1.157,0.761,2.625
20,26,8,4,5.121,0.533,1.468,0.994,3.112
20,26,8,4,3.872,0.411,0.98,0.737,2.219
20,26,8,4,5.832,0.581,1.764,1.267,2.739
20,26,8,4,4.61,0.454,1.178,0.824,2.684
20,26,8,4,4.694,0.498,1.265,0.943,2.767
20,26,8,4,4.68,0.446,1.158,0.813,3.184
20,26,8,4,5.319,0.534,1.463,1.058,3.461
20,26,8,4,5.758,0.529,1.684,1.087,3.154
20,26,10,4,5.2,0.541,1.502,0.936,3.215
20,26,10,4,5.719,0.582,1.695,1.11,3.388
20,26,10,4,6.014,0.657,1.757,1.126,3.466
20,26,10,4,7.541,0.75,2.37,1.547,4.086
20,26,10,4,6.264,0.665,1.983,1.167,3.451
20,26,10,4,6.262,0.606,1.839,1.145,3.739
20,26,10,4,6.549,0.603,1.843,1.34,4.042
20,26,10,4,6.058,0.572,1.789,1.301,3.712
20,26,10,4,6.233,0.601,1.969,1.195,3.733
20,26,10,4,6.27,0.554,1.76,1.157,3.644
24,26,3,4,10.602,1.003,3.398,3.061,5.034
24,26,3,4,10.327,1.006,3.402,2.879,4.495
24,26,3,4,12.261,1.117,3.981,3.408,5.349
24,26,3,4,9.811,0.904,2.982,2.227,4.736
24,26,3,4,12.233,1.088,4.034,3.209,5.246
24,26,3,4,12.233,1.151,4.011,3.43,5.302
24,26,3,4,10.341,0.887,3.135,2.618,4.648
24,26,3,4,14.204,1.137,4.384,4.497,6.092
24,26,3,4,11.182,0.986,3.625,3.289,5.273
24,26,3,4,11.359,1.004,3.509,3.142,5.187
24,26,8,4,17.743,1.526,5.929,5.595,7.259
24,26,8,4,14.991,1.394,4.842,4.359,6.403
24,26,8,4,16.178,1.415,5.289,4.598,6.759
24,26,8,4,14.704,1.35,4.823,4.051,6.417
24,26,8,4,15.437,1.388,5.05,4.129,6.436
24,26,8,4,16.725,1.502,5.638,5.534,6.649
24,26,8,4,13.302,1.254,4.493,4.031,5.698
24,26,8,4,13.242,1.219,4.274,3.809,5.762
24,26,8,4,14.577,1.26,4.67,4.515,6.19
24,26,8,4,14.448,1.263,4.661,4.52,6.318
24,26,10,4,7.829,0.796,2.455,1.486,4.164
24,26,10,4,7.436,0.809,2.491,1.449,3.769
24,26,10,4,7.946,0.785,2.439,1.432,4.406
24,26,10,4,9.179,0.868,2.921,1.955,4.697
24,26,10,4,9.223,0.857,2.909,1.851,4.935
24,26,10,4,7.949,0.719,2.412,1.614,4.394
24,26,10,4,10.28,0.843,3.178,2.283,5.098
24,26,10,4,8.914,0.81,2.795,1.692,4.878
24,26,10,4,9.386,0.834,2.794,1.761,5.049
24,26,10,4,8.894,0.792,2.858,1.811,4.784
7,28,9,1,3.347,0.302,0.763,0.706,1.925
7,28,9,1,2.94,0.273,0.708,0.584,1.602
7,28,9,1,2.948,0.292,0.641,0.507,1.649
7,28,9,1,3.171,0.287,0.653,0.589,1.771
7,28,9,1,3.005,0.286,0.772,0.645,1.576
7,28,9,1,3.119,0.271,0.761,0.53,1.705
7,28,9,1,3.152,0.274,0.712,0.626,1.74
7,28,9,1,2.964,0.302,0.747,0.602,1.71
7,28,9,1,3.036,0.27,0.661,0.561,1.765
7,28,9,1,2.939,0.288,0.749,0.53,1.619
7,28,15,1,2.58,0.285,0.661,0.56,1.373
7,28,15,1,2.653,0.306,0.625,0.631,1.385
7,28,15,1,3.135,0.301,0.831,0.749,1.591
7,28,15,1,3.26,0.297,0.666,0.679,1.637
7,28,15,1,3.158,0.286,0.598,0.653,1.792
7,28,15,1,3.209,0.265,0.62,0.631,1.808
7,28,15,1,3.101,0.293,0.651,0.598,1.774
7,28,15,1,3.461,0.334,0.628,0.793,1.896
7,28,15,1,3.228,0.314,0.73,0.645,1.832
7,28,15,1,3.354,0.294,0.634,0.765,1.712
7,28,2,1,3.107,0.291,0.777,0.621,1.808
7,28,2,1,3.135,0.285,0.791,0.634,1.682
7,28,2,1,3.088,0.294,0.778,0.756,1.785
7,28,2,1,3.225,0.334,0.825,0.665,1.466
7,28,2,1,3.678,0.372,0.797,0.692,2.066
7,28,2,1,3.211,0.324,0.753,0.61,1.737
7,28,2,1,3.598,0.31,0.885,0.726,1.97
7,28,2,1,3.406,0.241,0.777,0.62,1.889
7,28,2,1,3.942,0.344,0.91,0.782,2.197
7,28,2,1,3.239,0.25,0.762,0.603,1.777
7,28,12,1,3.145,0.298,0.77,0.568,1.942
7,28,12,1,2.66,0.297,0.746,0.527,1.499
7,28,12,1,2.996,0.246,0.755,0.589,1.707
7,28,12,1,3.088,0.284,0.774,0.621,1.764
7,28,12,1,2.56,0.285,0.688,0.531,1.492
7,28,12,1,3.101,0.326,0.657,0.566,1.889
7,28,12,1,3.386,0.251,0.672,0.643,2.026
7,28,12,1,3.588,0.312,0.728,0.738,2.036
7,28,12,1,3.308,0.305,0.735,0.614,1.906
7,28,12,1,2.995,0.262,0.736,0.615,1.728
12,28,9,2,4.467,0.435,1.097,0.764,2.555
12,28,9,2,4.312,0.433,1.091,0.835,2.553
12,28,9,2,3.82,0.393,1.02,0.673,2.21
12,28,9,2,4.019,0.433,1.11,0.668,2.178
12,28,9,2,4.582,0.471,1.227,0.869,2.694
12,28,9,2,4.626,0.449,1.212,0.912,2.671
12,28,9,2,4.298,0.387,0.969,0.782,2.683
12,28,9,2,4.01,0.384,0.945,0.701,2.38
12,28,9,2,4.967,0.439,1.147,1.022,2.752
12,28,9,2,4.781,0.445,1.133,0.88,2.619
12,28,15,2,4.944,0.486,1.123,0.874,2.857
12,28,15,2,4.496,0.456,0.977,0.821,2.738
12,28,15,2,4.253,0.422,1.005,0.826,2.543
12,28,15,2,4.175,0.439,0.957,0.805,2.431
12,28,15,2,4.357,0.452,1.114,0.852,2.674
12,28,15,2,4.286,0.444,1.039,0.74,2.622
12,28,15,2,4.467,0.449,1.035,0.743,2.714
12,28,15,2,4.363,0.441,1.128,0.707,2.514
12,28,15,2,4.28,0.429,1.037,0.784,2.374
12,28,15,2,5.444,0.514,1.261,0.94,2.939
16,28,9,3,5.479,0.533,1.454,1.031,3.056
16,28,9,3,5.947,0.593,1.716,1.018,3.307
16,28,9,3,4.942,0.523,1.337,0.967,2.806
16,28,9,3,6.808,0.646,2.054,1.147,3.713
16,28,9,3,5.432,0.611,1.611,0.967,3.09
16,28,9,3,5.537,0.525,1.374,1.051,3.253
16,28,9,3,5.739,0.597,1.498,1.107,3.254
16,28,9,3,6.326,0.601,1.793,1.206,3.72
16,28,9,3,5.167,0.506,1.361,1.073,2.953
16,28,9,3,5.669,0.553,1.402,1.001,3.305
16,28,15,3,6.486,0.651,2.048,1.554,3.324
16,28,15,3,5.803,0.561,1.669,1.145,3.448
16,28,15,3,6.368,0.657,1.824,1.156,3.547
16,28,15,3,8.36,0.802,2.259,1.846,4.559
16,28,15,3,7.371,0.712,2.13,1.615,4.14
16,28,15,3,7.726,0.713,2.145,1.741,4.58
16,28,15,3,8.595,0.711,2.504,1.829,4.468
16,28,15,3,7.483,0.711,2.178,1.681,3.801
16,28,15,3,7.055,0.659,2.058,1.523,3.993
16,28,15,3,8.973,0.786,2.468,2.39,4.409
20,28,9,4,5.865,0.592,1.811,1.12,3.46
20,28,9,4,6.653,0.667,2.048,1.241,3.821
20,28,9,4,5.575,0.588,1.626,1.164,3.091
20,28,9,4,7.556,0.692,2.39,1.467,4.212
20,28,9,4,6.105,0.668,1.954,1.222,3.38
20,28,9,4,6.164,0.621,1.7,1.09,3.772
20,28,9,4,6.375,0.664,1.899,1.246,3.715
20,28,9,4,7.222,0.706,2.062,1.607,4.105
20,28,9,4,5.684,0.598,1.658,1.245,3.336
20,28,9,4,6.375,0.611,1.74,1.256,3.691
20,28,15,4,6.574,0.647,2.047,1.791,3.211
20,28,15,4,5.793,0.58,1.703,1.09,3.406
20,28,15,4,6.601,0.656,1.932,1.31,3.646
20,28,15,4,8.777,0.802,2.397,2.045,4.388
20,28,15,4,7.591,0.737,1.934,1.741,4.137
20,28,15,4,7.776,0.728,2.281,1.746,4.458
20,28,15,4,8.732,0.798,2.493,1.887,4.725
20,28,15,4,7.527,0.752,2.199,1.805,3.701
20,28,15,4,7.142,0.689,2.116,1.579,3.987
20,28,15,4,9.196,0.815,2.663,2.491,4.527
24,28,9,4,11.966,1.135,4.186,3.249,5.674
24,28,9,4,11.784,1.136,4.149,3.335,4.904
24,28,9,4,11.969,1.096,4.107,3.189,5.401
24,28,9,4,13.893,1.271,4.568,4.102,5.274
24,28,9,4,11.912,1.141,4.032,2.904,4.838
24,28,9,4,12.187,1.193,4.44,2.996,5.1
24,28,9,4,10.205,1.028,3.623,2.508,4.503
24,28,9,4,10.918,1.099,3.947,2.894,5.031
24,28,9,4,11.441,1.096,3.885,3.59,5.202
24,28,9,4,11.364,1.028,3.877,3.156,5.031
24,28,15,4,12.121,1.159,3.481,3.735,5.133
24,28,15,4,12.991,1.25,4.472,3.656,5.495
24,28,15,4,13.717,1.33,4.5,3.969,5.929
24,28,15,4,13.864,1.28,3.902,4.046,5.845
24,28,15,4,10.311,1.06,3.674,2.695,4.77
24,28,15,4,12.915,1.23,4.437,3.623,5.361
24,28,15,4,12.528,1.181,4.272,3.313,5.631
24,28,15,4,12.49,1.171,4.189,3.48,5.314
24,28,15,4,13.256,1.223,4.375,4.068,5.643
24,28,15,4,12.968,1.188,3.879,3.905,5.809
