id,DPH,Temperature,CDD,SL,Notochord,Trunk,Head,Eye
1,7,20,70,3.69,2.72,0.69,0.78,0.37
2,7,20,70,3.43,2.31,0.66,0.81,0.4
3,7,20,70,3.66,2.81,0.67,0.82,0.39
4,7,20,70,3.86,2.72,0.65,0.79,0.37
5,7,20,70,3.31,2.42,0.58,0.78,0.29
6,7,20,70,3.37,2.26,0.59,0.86,0.34
7,7,20,70,3.6,2.8,0.59,0.82,0.35
8,7,20,70,3.65,2.82,0.63,0.77,0.35
9,7,20,70,3.68,2.75,0.65,0.81,0.37
10,7,20,70,3.87,2.94,0.71,0.84,0.38
11,7,20,70,3.42,2.57,0.59,0.77,0.35
12,7,20,70,3.79,2.66,0.71,0.78,0.33
13,7,20,70,3.71,2.67,0.7,0.91,0.35
14,7,20,70,3.48,2.68,0.62,0.82,0.35
15,7,20,70,3.89,2.72,0.72,0.89,0.39
16,7,20,70,3.84,2.79,0.71,0.81,0.35
17,7,20,70,4.12,3.16,0.65,0.88,0.39
18,7,20,70,3.67,2.65,0.55,0.8,0.35
19,7,20,70,3.78,2.78,0.56,0.83,0.37
20,7,20,70,3.86,2.76,0.63,0.75,0.36
21,7,20,70,3.59,2.55,0.66,0.9,0.32
22,7,20,70,3.34,2.4,0.66,0.85,0.31
23,7,20,70,3.44,2.53,0.6,0.86,0.3
24,7,20,70,3.46,2.67,0.58,0.78,0.35
25,7,20,70,3.76,2.6,0.69,0.81,0.33
26,7,20,70,3.55,2.43,0.54,0.91,0.37
27,7,20,70,3.45,2.44,0.6,0.81,0.32
28,7,20,70,3.45,2.44,0.66,0.8,0.37
29,7,20,70,3.57,2.49,0.6,0.79,0.35
30,7,20,70,3.58,2.61,0.52,0.81,0.35
1,12,20,120,4.15,2.98,0.72,1.1,0.43
2,12,20,120,4.7,3.33,0.88,1.2,0.45
3,12,20,120,4.95,3.58,0.94,1.22,0.46
4,12,20,120,4.99,3.58,0.84,1.28,0.48
5,12,20,120,4.07,2.82,0.66,0.95,0.41
6,12,20,120,4.91,3.51,0.88,1.16,0.45
7,12,20,120,4.64,3.39,0.8,1.07,0.4
8,12,20,120,4.59,3.38,0.8,1.01,0.4
9,12,20,120,4.66,3.29,0.78,1.17,0.44
10,12,20,120,4.24,3.06,0.75,1.15,0.43
11,12,20,120,4.8,3.41,0.8,1.18,0.43
12,12,20,120,4.43,3.05,0.73,1.28,0.47
13,12,20,120,4.76,3.48,0.76,1.22,0.47
14,12,20,120,4.82,3.56,0.85,1.21,0.49
15,12,20,120,4.74,3.54,0.83,1.15,0.46
16,12,20,120,3.79,2.74,0.65,0.9,0.43
17,12,20,120,4.62,3.26,0.77,1.13,0.45
18,12,20,120,4.84,3.27,0.84,1.15,0.46
19,12,20,120,4.51,3.09,0.83,1.09,0.42
20,12,20,120,4.63,3.39,0.75,1.05,0.44
21,12,20,120,5.45,3.89,0.86,1.31,0.5
22,12,20,120,4.73,3.52,0.75,1.18,0.47
23,12,20,120,4.54,3.31,0.78,1.22,0.48
24,12,20,120,4.51,3.48,0.67,1.13,0.49
25,12,20,120,4.49,3.26,0.79,1.15,0.46
26,12,20,120,4.74,3.6,0.85,1.07,0.42
27,12,20,120,5.16,3.93,0.9,1.16,0.48
28,12,20,120,4.65,3.48,0.83,1.11,0.43
29,12,20,120,4.65,3.39,0.85,1.09,0.46
30,12,20,120,5.12,3.94,0.88,1.19,0.45
11,20,20,200,6.49,4.89,1.29,1.87,0.58
12,20,20,200,6.96,5.08,1.43,2.06,0.63
13,20,20,200,6.11,4.64,1.19,1.81,0.58
14,20,20,200,5.36,3.79,1.02,1.6,0.54
15,20,20,200,6.43,4.77,1.19,1.86,0.61
16,20,20,200,7,5.15,1.39,1.94,0.62
17,20,20,200,5.72,4.22,1.07,1.54,0.52
18,20,20,200,6.38,4.81,1.33,1.57,0.59
19,20,20,200,6.91,5.18,1.36,1.88,0.61
20,20,20,200,6.31,4.7,1.28,1.75,0.6
21,20,20,200,6.22,4.5,1.23,1.83,0.57
22,20,20,200,6.67,4.75,1.26,1.96,0.6
23,20,20,200,6.26,4.45,1.24,1.79,0.57
24,20,20,200,5.92,4.27,1.16,1.78,0.56
25,20,20,200,6.16,4.43,1.18,1.8,0.61
26,20,20,200,6.46,4.84,1.38,1.73,0.58
27,20,20,200,6.32,4.64,1.26,1.64,0.57
28,20,20,200,6.25,4.58,1.24,1.52,0.58
29,20,20,200,6.42,4.73,1.18,1.65,0.6
30,20,20,200,5.81,4.29,1.13,1.61,0.54
1,24,20,240,8.23,6.16,1.61,2.38,0.73
2,24,20,240,8.28,6.04,1.74,2.37,0.7
3,24,20,240,7.91,5.86,1.72,2.33,0.73
4,24,20,240,10.05,7.23,2.37,3,0.85
5,24,20,240,8.32,5.96,1.74,2.46,0.77
6,24,20,240,7.24,5.19,1.44,2.17,0.7
7,24,20,240,7.22,5.23,1.41,2.19,0.72
8,24,20,240,8.34,6.17,1.78,2.59,0.77
9,24,20,240,8.91,6.64,1.82,2.73,0.79
10,24,20,240,8.05,5.84,1.56,2.44,0.73
11,24,20,240,6.44,4.69,1.31,1.92,0.63
12,24,20,240,9.96,7.05,2.42,3.22,0.88
13,24,20,240,8.5,6.31,1.69,2.54,0.8
14,24,20,240,8.5,6,1.88,2.56,0.75
15,24,20,240,8.28,5.89,1.66,2.45,0.75
16,24,20,240,6.34,4.61,1.26,1.8,0.61
17,24,20,240,9.83,6.77,2.37,3.07,0.84
18,24,20,240,8.3,6.01,1.72,2.54,0.77
19,24,20,240,8.3,5.84,1.75,2.51,0.73
20,24,20,240,8.04,5.79,1.61,2.43,0.72
21,24,20,240,7.76,5.62,1.46,2.31,0.72
22,24,20,240,8.21,6.01,1.81,2.45,0.73
23,24,20,240,7.35,5.41,1.33,2.18,0.71
24,24,20,240,7.8,5.65,1.57,2.26,0.73
25,24,20,240,7.3,5.4,1.47,2.19,0.69
26,24,20,240,7.71,5.59,1.59,2.31,0.69
27,24,20,240,7.77,5.93,1.66,2.16,0.72
28,24,20,240,7.07,5.58,1.39,2.13,0.66
29,24,20,240,7.62,5.66,1.41,2.15,0.64
30,24,20,240,9.45,6.72,1.8,2.78,0.77
1,7,24,98,3.284,1.834,0.746,0.786,0.314
2,7,24,98,3.4,1.954,0.804,0.794,0.288
3,7,24,98,2.672,1.33,0.61,0.817,0.299
4,7,24,98,2.671,1.447,0.488,0.64,0.269
5,7,24,98,2.582,1.413,0.554,0.508,0.237
6,7,24,98,2.806,1.451,0.627,0.745,0.291
7,7,24,98,2.853,1.191,0.79,0.776,0.351
8,7,24,98,3.041,1.57,0.663,0.751,0.295
9,7,24,98,3.222,1.844,0.615,0.712,0.301
10,7,24,98,3.415,1.864,0.726,0.856,0.295
11,7,24,98,2.749,1.523,0.559,0.705,0.259
12,7,24,98,2.772,1.606,0.503,0.603,0.261
13,7,24,98,3.089,1.644,0.638,0.584,0.272
14,7,24,98,3.079,1.801,0.475,0.712,0.316
15,7,24,98,2.884,1.704,0.682,0.676,0.324
16,7,24,98,3.09,2.175,0.523,0.653,0.304
17,7,24,98,3.098,1.868,0.556,0.645,0.253
18,7,24,98,3.258,1.922,0.704,0.746,0.281
19,7,24,98,2.389,1.355,0.434,0.563,0.259
20,7,24,98,3.35,2.012,0.593,0.727,0.289
21,7,24,98,2.921,1.769,0.526,0.706,0.258
22,7,24,98,3.037,1.873,0.481,0.644,0.272
23,7,24,98,3.398,2.158,0.594,0.732,0.268
24,7,24,98,2.95,1.849,0.52,0.584,0.231
25,7,24,98,3.124,1.904,0.546,0.611,0.253
26,7,24,98,3.175,1.812,0.547,0.761,0.301
27,7,24,98,2.728,1.538,0.517,0.629,0.258
28,7,24,98,2.84,1.829,0.515,0.565,0.251
29,7,24,98,3.295,1.977,0.569,0.763,0.288
30,7,24,98,3.186,1.842,0.507,0.768,0.308
11,12,24,168,4.687,2.97,0.871,1.145,0.378
12,12,24,168,3.752,2.113,0.672,0.948,0.44
13,12,24,168,4.349,2.616,0.735,1.002,0.427
14,12,24,168,4.097,2.389,0.665,1.031,0.415
15,12,24,168,3.719,2.228,0.61,0.994,0.48
16,12,24,168,4.773,2.968,0.695,1.202,0.481
17,12,24,168,3.977,2.169,0.616,0.941,0.416
18,12,24,168,4.188,2.538,0.614,1.003,0.571
19,12,24,168,5.798,3.437,0.92,1.328,0.494
20,12,24,168,5.199,2.864,1.091,0.919,0.419
21,12,24,168,3.844,2.287,0.619,1.019,0.41
22,12,24,168,4.37,2.459,0.78,1.219,0.451
23,12,24,168,4.831,2.669,0.869,1.16,0.442
24,12,24,168,4.748,2.679,0.731,1.231,0.46
25,12,24,168,5.019,3.072,0.84,1.226,0.498
26,12,24,168,4.276,2.555,0.802,1.053,0.415
27,12,24,168,4.097,2.612,0.578,0.91,0.373
28,12,24,168,4.465,2.577,0.871,1.101,0.416
29,12,24,168,4.571,2.63,0.723,1.147,0.493
30,12,24,168,4.286,2.439,0.815,1.106,0.452
1,16,24,224,7.09,4.149,1.548,1.815,0.642
2,16,24,224,5.033,3.217,0.993,1.24,0.492
3,16,24,224,4.669,2.816,0.886,1.132,0.454
4,16,24,224,4.626,2.874,0.848,1.123,0.465
5,16,24,224,4.815,2.819,0.808,1.123,0.475
6,16,24,224,6.067,3.407,1.171,1.586,0.555
7,16,24,224,6.443,3.731,1.247,1.643,0.582
8,16,24,224,6.393,3.589,1.256,1.741,0.575
9,16,24,224,7.06,4.007,1.425,1.893,0.615
10,16,24,224,7.327,4.111,1.418,1.95,0.653
11,16,24,224,5.918,3.566,1.216,1.421,0.522
12,16,24,224,6.181,3.3,1.19,1.578,0.583
13,16,24,224,6.285,3.623,1.205,1.596,0.636
14,16,24,224,5.864,3.419,1.13,1.615,0.561
15,16,24,224,7.308,3.948,1.569,1.838,0.658
16,16,24,224,6.054,3.708,1.216,1.608,0.613
17,16,24,224,6.694,4.107,1.457,1.589,0.664
18,16,24,224,6.958,4.004,1.423,1.737,0.667
19,16,24,224,7.001,4.214,1.455,1.686,0.656
20,16,24,224,6.873,3.994,1.451,1.723,0.647
21,16,24,224,5.69,3.243,1.067,1.566,0.573
22,16,24,224,5.537,3.171,1.015,1.353,0.544
23,16,24,224,5.899,3.477,1.145,1.505,0.585
24,16,24,224,5.826,3.105,1.107,1.565,0.583
25,16,24,224,5.196,2.855,0.935,1.387,0.539
26,16,24,224,4.981,3.072,0.806,1.221,0.479
27,16,24,224,5.418,3.207,1.022,1.477,0.554
28,16,24,224,5.11,2.991,0.888,1.311,0.508
29,16,24,224,5.023,2.792,0.945,1.291,0.505
30,16,24,224,6.089,3.396,1.234,1.644,0.587
1,20,24,280,7.047,4.02,1.568,1.985,0.636
2,20,24,280,5.21,3.151,1.021,1.358,0.503
3,20,24,280,4.553,2.754,0.829,1.289,0.486
4,20,24,280,4.633,2.657,0.899,1.292,0.486
5,20,24,280,4.668,2.598,0.948,1.398,0.474
6,20,24,280,5.974,3.351,1.226,1.719,0.554
7,20,24,280,6.342,3.708,1.24,1.847,0.607
8,20,24,280,6.337,3.576,1.228,1.919,0.578
9,20,24,280,7.084,4.031,1.463,2.095,0.628
10,20,24,280,7.397,3.988,1.498,2.19,0.666
11,20,24,280,5.543,3.225,1.181,1.575,0.493
12,20,24,280,5.828,3.26,1.211,1.723,0.564
13,20,24,280,5.906,3.359,1.178,1.762,0.58
14,20,24,280,5.535,3.29,1.112,1.739,0.538
15,20,24,280,6.851,3.868,1.444,2.017,0.632
16,20,24,280,5.713,3.505,1.199,1.549,0.599
17,20,24,280,6.336,3.726,1.37,1.69,0.607
18,20,24,280,6.495,3.687,1.295,1.854,0.624
19,20,24,280,6.58,3.815,1.393,1.782,0.606
20,20,24,280,6.715,3.765,1.37,1.793,0.596
21,20,24,280,5.676,3.173,1.026,1.653,0.565
22,20,24,280,5.514,3.204,1.117,1.64,0.568
23,20,24,280,5.862,3.409,1.054,1.805,0.598
24,20,24,280,5.767,3.237,1.083,1.715,0.581
25,20,24,280,5.045,2.783,0.908,1.44,0.527
26,20,24,280,4.961,2.962,0.824,1.287,0.483
27,20,24,280,5.521,3.17,1.041,1.552,0.528
28,20,24,280,5.06,3.029,0.864,1.403,0.499
29,20,24,280,5.061,2.939,0.95,1.389,0.526
30,20,24,280,6.045,3.556,1.239,1.776,0.574
1,24,24,336,6.272,3.869,1.181,1.807,0.625
2,24,24,336,5.888,3.763,1.035,1.773,0.591
3,24,24,336,6.227,3.635,1.036,1.865,0.605
4,24,24,336,7.149,4.334,1.643,2.175,0.712
5,24,24,336,6.064,3.771,1.327,1.931,0.656
6,24,24,336,8.545,4.812,1.703,2.524,0.76
7,24,24,336,8.141,4.419,1.503,2.281,0.753
8,24,24,336,6.069,3.555,1.212,1.975,0.638
9,24,24,336,5.893,3.68,1.039,1.845,0.611
10,24,24,336,6.102,3.501,1.197,2.023,0.626
11,24,24,336,8.362,4.534,2.008,2.662,0.765
12,24,24,336,7.949,4.234,1.738,2.48,0.728
13,24,24,336,8.846,4.458,2.249,2.789,0.816
14,24,24,336,9.436,4.667,2.267,3.099,0.839
15,24,24,336,11.35,5.114,3.177,4.058,0.987
16,24,24,336,11.083,5.466,2.988,3.667,0.97
17,24,24,336,9.448,4.72,2.165,3.131,0.889
18,24,24,336,10.472,5.145,2.78,3.301,0.939
19,24,24,336,9.312,4.911,2.138,3.123,0.894
20,24,24,336,9.727,5.128,1.929,3.113,0.903
21,24,24,336,7.646,4.164,1.31,2.281,0.668
22,24,24,336,9.794,5.152,2.298,2.774,0.816
23,24,24,336,8.642,4.653,1.798,2.724,0.8
24,24,24,336,6.073,3.656,1.102,1.808,0.61
25,24,24,336,8.285,4.685,1.465,2.403,0.701
26,24,24,336,8.122,4.287,1.643,2.424,0.739
27,24,24,336,7.524,3.943,1.526,2.394,0.683
28,24,24,336,7.679,4.275,1.528,2.35,0.649
29,24,24,336,7.558,4.23,1.357,2.177,0.677
30,24,24,336,9.322,4.728,1.88,2.89,0.79
1,7,26,112,3.18,2.42,0.59,0.74,0.34
1,7,26,112,3.17,2.31,0.51,0.69,0.27
2,7,26,112,2.99,2.04,0.55,0.7,0.3
2,7,26,112,3.37,2.45,0.6,0.78,0.3
3,7,26,112,3.35,2.47,0.59,0.75,0.34
3,7,26,112,3.12,2.2,0.59,0.73,0.3
4,7,26,112,3.58,2.43,0.7,0.75,0.36
4,7,26,112,3.06,2.14,0.44,0.72,0.28
5,7,26,112,3.36,2.39,0.8,0.81,0.3
5,7,26,112,2.9,1.91,0.49,0.76,0.3
6,7,26,112,3.97,2.92,0.79,0.75,0.33
6,7,26,112,3.33,2.37,0.52,0.76,0.27
7,7,26,112,3.64,2.63,0.7,0.76,0.33
7,7,26,112,3.38,2.41,0.6,0.62,0.32
8,7,26,112,3.71,2.66,0.57,0.86,0.35
8,7,26,112,3.28,2.36,0.59,0.65,0.32
9,7,26,112,3.71,2.85,0.7,0.85,0.33
9,7,26,112,3.59,2.51,0.62,0.82,0.34
10,7,26,112,3.56,2.61,0.67,0.82,0.32
10,7,26,112,3.31,2.42,0.57,0.67,0.33
11,7,26,112,3.08,2.31,0.61,0.75,0.27
11,7,26,112,3.16,2.38,0.55,0.64,0.26
12,7,26,112,3.49,2.45,0.69,0.85,0.35
12,7,26,112,3.53,2.62,0.57,0.84,0.33
13,7,26,112,3.55,2.5,0.74,0.85,0.35
13,7,26,112,3.31,2.29,0.56,0.77,0.32
14,7,26,112,3.3,2.43,0.62,0.78,0.31
14,7,26,112,3.29,2.39,0.51,0.75,0.29
15,7,26,112,3.58,2.65,0.8,0.85,0.34
15,7,26,112,3.04,2.25,0.52,0.73,0.28
16,7,26,112,3.22,2.3,0.65,0.82,0.35
16,7,26,112,3.11,2.2,0.54,0.8,0.28
17,7,26,112,3.49,2.64,0.63,0.85,0.34
17,7,26,112,3.43,2.38,0.63,0.8,0.32
18,7,26,112,3.61,2.7,0.71,0.81,0.34
18,7,26,112,3.21,2.29,0.6,0.62,0.29
19,7,26,112,3.55,2.61,0.61,0.89,0.31
19,7,26,112,3.36,2.58,0.75,0.78,0.3
20,7,26,112,3.5,2.69,0.6,0.81,0.31
20,7,26,112,3.53,2.67,0.83,0.77,0.32
21,7,26,112,3.69,2.66,0.57,0.85,0.33
22,7,26,112,3.8,2.82,0.7,0.81,0.36
23,7,26,112,3.64,2.66,0.65,0.8,0.31
24,7,26,112,3.68,2.62,0.66,0.72,0.34
25,7,26,112,3.65,2.5,0.72,0.8,0.34
26,7,26,112,4.15,3,0.71,0.84,0.39
27,7,26,112,4.19,3.25,0.77,0.9,0.38
28,7,26,112,3.86,2.96,0.76,0.83,0.34
29,7,26,112,3.81,2.73,0.71,0.82,0.3
30,7,26,112,3.54,2.56,0.63,0.76,0.31
1,12,26,192,4.32,3.07,0.69,1.04,0.44
1,12,26,192,5.45,3.85,0.98,1.47,0.54
2,12,26,192,4.81,3.49,0.87,1.2,0.47
2,12,26,192,3.87,2.76,0.63,0.99,0.41
3,12,26,192,5.1,3.71,0.93,1.35,0.52
3,12,26,192,4.52,3.19,0.76,1.27,0.5
4,12,26,192,4.92,3.54,0.87,1.23,0.47
4,12,26,192,5.66,4.03,0.99,1.55,0.55
5,12,26,192,5.6,3.86,0.99,1.32,0.56
5,12,26,192,3.92,2.66,0.65,1.04,0.44
6,12,26,192,5.05,3.44,0.92,1.19,0.5
6,12,26,192,5.29,3.87,0.96,1.31,0.47
7,12,26,192,4.77,3.42,0.89,1.11,0.47
7,12,26,192,4.44,3.07,0.77,1.01,0.43
8,12,26,192,5.45,3.76,0.71,1.21,0.47
8,12,26,192,3.85,2.82,0.63,0.9,0.4
9,12,26,192,4.32,3.22,0.81,1.05,0.43
9,12,26,192,6.01,4.38,1.04,1.31,0.53
10,12,26,192,4.64,3.08,0.85,1.04,0.48
10,12,26,192,4.62,3.37,0.67,1.02,0.45
11,12,26,192,4.57,3.19,0.73,1.22,0.51
11,12,26,192,4.42,3.1,0.63,1.25,0.46
12,12,26,192,5.14,3.6,0.8,1.25,0.49
12,12,26,192,4.07,3,0.66,1.02,0.46
13,12,26,192,4.58,3.2,0.75,1.24,0.55
13,12,26,192,4.27,2.93,0.7,0.99,0.44
14,12,26,192,4.36,3.01,0.64,1.15,0.46
14,12,26,192,4.21,3.06,0.61,1.02,0.44
15,12,26,192,4.5,3.1,0.61,1.11,0.45
15,12,26,192,4.77,3.36,0.74,1.2,0.51
16,12,26,192,5.99,4.46,1.03,1.41,0.56
16,12,26,192,5.17,3.7,0.86,1.21,0.48
17,12,26,192,4.94,3.57,0.86,1.16,0.47
17,12,26,192,4.26,3.21,0.74,1.01,0.42
18,12,26,192,6.33,4.6,1.19,1.48,0.54
18,12,26,192,4.42,3.12,0.67,1.05,0.45
19,12,26,192,5.61,4.16,1.01,1.29,0.52
19,12,26,192,4.87,3.58,0.83,1.1,0.49
20,12,26,192,5.29,3.89,0.95,1.31,0.49
20,12,26,192,4.8,3.52,0.81,1.15,0.46
1,16,26,256,8.01,5.63,1.48,2.37,0.7
1,16,26,256,5.9,4.28,0.95,1.67,0.58
2,16,26,256,6.34,4.56,1.13,1.71,0.61
2,16,26,256,5.78,4.05,0.96,1.52,0.58
3,16,26,256,5.94,4.34,1.1,1.82,0.59
3,16,26,256,6.33,4.55,1.18,1.66,0.61
4,16,26,256,7.02,5.28,1.24,1.84,0.64
4,16,26,256,6.33,4.27,1.27,1.75,0.62
5,16,26,256,7.32,5.29,1.25,1.98,0.72
5,16,26,256,5.07,3.49,0.82,1.43,0.56
6,16,26,256,8.97,6.36,1.88,2.54,0.78
6,16,26,256,5.71,3.92,1.1,1.46,0.56
7,16,26,256,8.95,6.18,1.86,2.39,0.73
7,16,26,256,5.26,3.9,0.95,1.35,0.52
8,16,26,256,8.3,6.02,1.8,2.41,0.76
8,16,26,256,5.08,3.62,0.87,1.29,0.49
9,16,26,256,6.67,4.89,1.37,1.75,0.61
9,16,26,256,6.82,4.95,1.39,1.73,0.63
10,16,26,256,6.41,4.66,1.11,1.75,0.61
10,16,26,256,5.39,3.94,0.88,1.47,0.52
11,16,26,256,5.07,3.61,0.76,1.25,0.53
11,16,26,256,6.52,4.5,1.26,1.86,0.64
12,16,26,256,4.38,3.15,0.65,1.07,0.48
12,16,26,256,6.23,4.29,1.22,1.85,0.6
13,16,26,256,5.31,3.81,0.92,1.25,0.53
13,16,26,256,6.37,4.61,1.17,1.84,0.62
14,16,26,256,3.85,2.8,0.64,0.88,0.42
14,16,26,256,6.34,4.77,1.06,1.77,0.62
15,16,26,256,5.93,4.11,1.21,1.51,0.59
15,16,26,256,6.05,4.32,1.14,1.73,0.62
16,16,26,256,4.66,3.4,0.73,1.1,0.47
16,16,26,256,5.82,4.16,1.09,1.65,0.59
17,16,26,256,4.74,3.47,0.79,1.14,0.5
17,16,26,256,5.25,3.65,0.98,1.44,0.58
18,16,26,256,4.6,3.36,0.67,1.09,0.44
18,16,26,256,5.56,3.98,1.08,1.49,0.57
19,16,26,256,5.4,3.97,1.03,1.4,0.54
19,16,26,256,5.61,4.17,1.06,1.49,0.59
20,16,26,256,5.88,4.37,0.98,1.44,0.53
20,16,26,256,6.24,4.63,1.08,1.55,0.63
21,16,26,256,4.84,3.35,0.75,1.28,0.51
22,16,26,256,5.42,3.78,0.79,1.46,0.53
23,16,26,256,5.5,3.8,0.81,1.48,0.59
24,16,26,256,6.71,4.7,1.26,2.13,0.67
25,16,26,256,5.58,4.08,0.91,1.65,0.6
26,16,26,256,5.69,4.05,0.9,1.6,0.54
27,16,26,256,6.11,4.37,1.1,1.64,0.57
28,16,26,256,5.64,4.07,1.04,1.57,0.52
29,16,26,256,5.67,3.86,0.98,1.69,0.55
30,16,26,256,5.66,4.19,0.99,1.5,0.51
1,20,26,320,8.02,5.51,1.45,2.34,0.7
1,20,26,320,5.85,4.17,1.06,1.75,0.56
2,20,26,320,6.23,4.57,1.06,1.72,0.6
2,20,26,320,5.81,4.09,0.98,1.68,0.56
3,20,26,320,6.22,4.08,1.05,1.82,0.57
3,20,26,320,6.39,4.61,1.19,1.92,0.62
4,20,26,320,6.92,5.11,1.27,2.03,0.63
4,20,26,320,6.34,4.47,1.26,2.02,0.63
5,20,26,320,7.14,5.13,1.28,2.08,0.71
5,20,26,320,5.03,3.42,0.82,1.51,0.53
6,20,26,320,8.85,6.02,1.91,2.5,0.78
6,20,26,320,5.72,3.89,1.14,1.43,0.54
7,20,26,320,8.73,6.37,1.85,2.48,0.71
7,20,26,320,5.18,3.73,0.96,1.42,0.51
8,20,26,320,8.17,5.86,1.75,2.39,0.73
8,20,26,320,4.92,3.48,0.85,1.33,0.49
9,20,26,320,6.59,4.89,1.33,1.81,0.6
9,20,26,320,6.79,4.98,1.31,1.94,0.65
10,20,26,320,6.36,4.63,1.07,1.72,0.61
10,20,26,320,5.37,3.82,0.91,1.49,0.53
11,20,26,320,5.01,3.54,0.8,1.5,0.51
11,20,26,320,6.5,4.46,1.27,1.82,0.62
12,20,26,320,4.37,3.13,0.73,1.11,0.48
12,20,26,320,6.25,4.3,1.11,1.85,0.62
13,20,26,320,5.27,3.72,0.97,1.34,0.53
13,20,26,320,6.38,4.58,1.19,1.88,0.62
14,20,26,320,3.87,2.75,0.59,0.91,0.41
14,20,26,320,6.34,4.4,1.05,1.77,0.63
15,20,26,320,6.03,4.3,1.24,1.69,0.59
15,20,26,320,5.95,4.39,1.12,1.71,0.61
16,20,26,320,4.64,3.37,0.72,1.19,0.47
16,20,26,320,5.75,4.02,1.07,1.66,0.59
17,20,26,320,4.68,3.24,0.87,1.31,0.5
17,20,26,320,5.14,3.6,0.97,1.56,0.58
18,20,26,320,4.53,3.3,0.73,1.18,0.45
18,20,26,320,5.43,3.85,1.08,1.56,0.55
19,20,26,320,5.28,3.87,0.99,1.47,0.56
19,20,26,320,5.5,4.08,1.04,1.61,0.58
20,20,26,320,5.74,4.25,1.03,1.63,0.53
20,20,26,320,6.22,4.61,1.08,1.53,0.62
21,20,26,320,4.68,3.27,0.81,1.4,0.5
22,20,26,320,5.31,3.85,0.8,1.55,0.51
23,20,26,320,5.43,3.69,0.88,1.59,0.58
24,20,26,320,6.71,4.69,1.27,1.93,0.66
25,20,26,320,5.51,4.04,0.95,1.77,0.59
26,20,26,320,5.48,3.94,0.83,1.59,0.54
27,20,26,320,5.89,4.31,1.13,1.6,0.55
28,20,26,320,5.44,3.87,1.12,1.52,0.54
29,20,26,320,5.52,3.81,1.01,1.69,0.56
30,20,26,320,5.61,4.18,0.98,1.58,0.5
1,24,26,384,9.91,6.78,2.61,3.3,0.93
1,24,26,384,10.83,7.78,2.43,3.87,1.06
2,24,26,384,9.69,6.66,2.6,3.09,0.92
2,24,26,384,12.04,8.52,3.32,3.96,1.06
3,24,26,384,11.58,7.87,3.17,4.13,1.05
3,24,26,384,10.19,7.9,3.28,3.38,0.98
4,24,26,384,9.32,6.46,1.88,2.63,0.85
4,24,26,384,10.81,6.77,2.61,3.86,1.06
5,24,26,384,11.6,7.85,3.07,3.72,1.04
5,24,26,384,12.96,8.97,3.6,4.61,1.21
6,24,26,384,11.55,8.21,2.94,3.33,1.04
6,24,26,384,12.41,7.92,3.1,4.27,1.14
7,24,26,384,11.51,8.22,3.25,3.62,1.08
7,24,26,384,12.91,8.96,3.56,4.47,1.14
8,24,26,384,9.85,6.82,2.37,2.85,0.88
8,24,26,384,10.46,7.38,2.71,3.56,0.97
9,24,26,384,14,9.51,4.23,4.18,1.09
9,24,26,384,13.13,9.61,3.89,4.4,1.15
10,24,26,384,10.88,7.28,2.78,3.38,0.99
10,24,26,384,13.17,9.32,4.09,4.45,1.17
11,24,26,384,16.36,12.77,4.83,5.55,1.4
11,24,26,384,9.41,6.78,2.07,3.05,0.89
12,24,26,384,14.21,10.41,4.43,4.6,1.3
12,24,26,384,8.37,5.53,1.61,2.83,0.77
13,24,26,384,14.95,11.56,4.49,4.94,1.35
13,24,26,384,12.9,9.2,3.53,4.42,1.02
14,24,26,384,13.89,10.68,3.99,4.59,1.25
14,24,26,384,11.28,8.15,2.94,3.81,1
15,24,26,384,14.2,10.85,3.95,4.83,1.26
15,24,26,384,10.03,7.27,2.56,3.41,0.97
16,24,26,384,15.54,11.63,4.12,5.28,1.43
16,24,26,384,12.48,9.19,3.21,4.08,1.07
17,24,26,384,12.52,9.08,3.07,4.18,1.14
17,24,26,384,10.69,7.22,3.14,4.04,0.95
18,24,26,384,12.41,8.79,3.16,4.01,1.13
18,24,26,384,12.56,8.81,3.6,2.98,0.98
19,24,26,384,13.49,9.81,3.74,4.38,1.23
19,24,26,384,8.71,6,1.74,3.53,0.82
20,24,26,384,13.43,9.66,3.38,4.48,1.24
20,24,26,384,10.85,7.04,3.55,3.44,0.95
1,7,28,126,3.78,2.72,0.58,0.86,0.38
1,7,28,126,3.19,2.34,0.57,0.83,0.31
2,7,28,126,3.33,2.24,0.61,0.72,0.32
2,7,28,126,3.3,2.38,0.53,0.84,0.29
3,7,28,126,3.28,2.45,0.51,0.76,0.35
3,7,28,126,3.18,2.08,0.69,0.77,0.31
4,7,28,126,3.43,2.51,0.58,0.81,0.35
4,7,28,126,3.18,2.21,0.64,0.79,0.32
5,7,28,126,2.99,2.43,0.61,0.81,0.33
5,7,28,126,3.64,2.61,0.63,0.79,0.38
6,7,28,126,3.49,2.52,0.5,0.82,0.33
6,7,28,126,3.27,2.39,0.54,0.77,0.33
7,7,28,126,3.59,2.51,0.6,0.78,0.34
7,7,28,126,3.56,2.66,0.71,0.84,0.31
8,7,28,126,3.39,2.29,0.61,0.85,0.36
8,7,28,126,3.3,2.47,0.59,0.82,0.27
9,7,28,126,3.28,2.35,0.58,0.79,0.31
9,7,28,126,3.96,2.86,0.77,0.84,0.35
10,7,28,126,3.24,2.4,0.58,0.88,0.36
10,7,28,126,3.29,2.37,0.62,0.76,0.31
11,7,28,126,2.89,1.99,0.57,0.72,0.31
11,7,28,126,3.66,2.54,0.62,0.85,0.34
12,7,28,126,3.04,2.09,0.54,0.68,0.32
12,7,28,126,4.17,2.88,0.55,0.78,0.32
13,7,28,126,3.37,2.31,0.73,0.9,0.33
13,7,28,126,3.52,2.33,0.63,0.82,0.28
14,7,28,126,3.55,2.71,0.72,0.72,0.32
14,7,28,126,3.57,2.43,0.66,0.85,0.31
15,7,28,126,3.51,2.42,0.63,0.78,0.32
15,7,28,126,3.24,2.19,0.53,0.76,0.3
16,7,28,126,3.53,2.5,0.63,0.72,0.35
16,7,28,126,3.52,2.66,0.58,0.82,0.36
17,7,28,126,3.4,2.59,0.5,0.76,0.34
17,7,28,126,3.9,2.67,0.74,0.79,0.35
18,7,28,126,3.86,2.77,0.78,0.79,0.37
18,7,28,126,3.98,2.75,0.78,0.88,0.31
19,7,28,126,3.54,2.51,0.56,0.82,0.37
19,7,28,126,3.69,2.68,0.7,0.77,0.32
20,7,28,126,3.93,2.64,0.75,0.73,0.34
20,7,28,126,3.33,2.38,0.58,0.89,0.34
1,12,28,216,5.27,3.84,0.83,1.39,0.52
1,12,28,216,4.07,2.81,0.63,1.13,0.45
2,12,28,216,5.19,3.72,0.9,1.43,0.53
2,12,28,216,4.24,2.89,0.66,1.17,0.46
3,12,28,216,4.55,3.12,0.72,1.32,0.47
3,12,28,216,4.11,2.83,0.62,0.95,0.42
4,12,28,216,4.75,3.42,0.75,1.39,0.51
4,12,28,216,5.31,3.77,0.88,1.46,0.56
5,12,28,216,5.61,3.83,0.9,1.61,0.57
5,12,28,216,4.35,3.06,0.7,1.16,0.45
6,12,28,216,5.58,4.01,1.05,1.58,0.53
6,12,28,216,4.04,2.85,0.72,1.12,0.45
7,12,28,216,5.05,3.62,0.92,1.18,0.46
7,12,28,216,5.37,3.88,0.94,1.36,0.52
8,12,28,216,4.77,3.44,0.79,1.14,0.44
8,12,28,216,4.6,3.11,0.79,1.22,0.44
9,12,28,216,6,4.47,1.19,1.4,0.54
9,12,28,216,4.75,3.4,0.83,1.25,0.5
10,12,28,216,5.68,4.16,0.97,1.45,0.55
10,12,28,216,3.8,2.66,0.58,0.93,0.44
11,12,28,216,5.12,3.83,0.89,1.21,0.53
11,12,28,216,5.02,3.66,0.85,1.24,0.5
12,12,28,216,4.57,3.38,0.87,0.97,0.45
12,12,28,216,4.36,3.14,0.7,1.05,0.47
13,12,28,216,4.52,3.29,0.8,1.06,0.44
13,12,28,216,5.76,4.11,0.92,1.45,0.59
14,12,28,216,4.18,3.2,0.7,0.97,0.47
14,12,28,216,4.3,3.08,0.78,1.1,0.47
15,12,28,216,4.72,3.36,0.83,1.16,0.45
15,12,28,216,5.14,3.84,0.84,1.3,0.52
16,12,28,216,4.45,3.27,0.72,1.19,0.46
16,12,28,216,4.78,3.41,0.9,1.16,0.46
17,12,28,216,4.69,3.44,0.76,1.18,0.47
17,12,28,216,4.97,3.49,0.93,1.12,0.46
18,12,28,216,4.56,3.26,0.77,1.25,0.47
18,12,28,216,4.48,3.19,0.78,1.08,0.46
19,12,28,216,4.4,3.21,0.77,1.16,0.47
19,12,28,216,4.11,2.8,0.81,1.08,0.42
20,12,28,216,5.61,4.09,0.95,1.42,0.57
20,12,28,216,3.92,2.86,0.64,0.93,0.44
1,16,28,288,5.76,4.02,1.01,1.53,0.56
1,16,28,288,5.19,3.66,0.84,1.33,0.54
2,16,28,288,6.42,4.38,1.06,1.78,0.65
2,16,28,288,4.82,3.45,0.71,1.19,0.53
3,16,28,288,5.54,3.82,0.9,1.51,0.54
3,16,28,288,4.93,3.49,0.83,1.35,0.53
4,16,28,288,7.3,5.04,1.35,2.2,0.65
4,16,28,288,5,3.65,0.86,1.36,0.52
5,16,28,288,5.81,4.02,1.02,1.78,0.62
5,16,28,288,4.64,3.55,0.78,1.28,0.54
6,16,28,288,5.98,4.38,1.02,1.56,0.58
6,16,28,288,4.45,3.1,0.71,1.11,0.48
7,16,28,288,6.16,4.51,1.11,1.61,0.61
7,16,28,288,4.95,3.43,0.78,1.18,0.49
8,16,28,288,6.99,4.84,1.45,1.97,0.63
8,16,28,288,4.61,3.29,0.76,1.17,0.46
9,16,28,288,5.59,3.79,1.11,1.44,0.57
9,16,28,288,5.05,3.68,0.78,1.31,0.52
10,16,28,288,6.17,4.59,1.04,1.55,0.59
10,16,28,288,5.14,3.8,0.84,1.28,0.52
11,16,28,288,6.26,4.32,1.47,1.91,0.62
11,16,28,288,6.75,4.74,1.43,2.02,0.66
12,16,28,288,5.62,4.01,1.03,1.58,0.55
12,16,28,288,8.78,6.28,1.66,2.66,0.77
13,16,28,288,6.13,4.56,1.13,1.72,0.64
13,16,28,288,6.57,4.72,1.18,1.88,0.63
14,16,28,288,8.28,6.01,1.74,2.49,0.78
14,16,28,288,6.36,4.49,1.18,1.83,0.61
15,16,28,288,7.27,5.03,1.39,2.1,0.68
15,16,28,288,6.24,4.46,1.28,1.74,0.62
16,16,28,288,7.42,5.18,1.56,2.15,0.7
16,16,28,288,6.57,4.74,1.19,1.67,0.61
17,16,28,288,8.33,6.04,1.89,2.43,0.7
17,16,28,288,7.47,5.46,1.72,1.83,0.66
18,16,28,288,7.23,5.32,1.63,2.08,0.69
18,16,28,288,8.14,5.85,1.81,2.1,0.71
19,16,28,288,6.88,5.07,1.19,2.03,0.64
19,16,28,288,7.84,5.59,1.58,1.98,0.72
20,16,28,288,8.75,6.49,2.1,2.56,0.76
20,16,28,288,8.11,6.02,1.62,2.3,0.76
1,20,28,360,5.7,3.88,1.03,1.53,0.54
1,20,28,360,6.66,4.71,1.35,2.03,0.65
2,20,28,360,6.3,4.24,1.12,1.86,0.62
2,20,28,360,8.75,6.24,1.76,2.48,0.78
3,20,28,360,5.29,3.8,0.96,1.47,0.57
3,20,28,360,6.56,4.65,1.23,1.83,0.63
4,20,28,360,7.27,5.08,1.3,2.22,0.68
4,20,28,360,6.26,4.43,1.21,1.78,0.6
5,20,28,360,5.77,3.99,1.04,1.83,0.63
5,20,28,360,6.1,4.34,1.18,1.66,0.63
6,20,28,360,5.84,4.22,1.02,1.54,0.59
6,20,28,360,6.5,4.72,1.19,1.85,0.58
7,20,28,360,6.14,4.37,1.13,1.63,0.61
7,20,28,360,7.38,5.43,1.65,1.94,0.65
8,20,28,360,6.87,4.94,1.37,1.93,0.63
8,20,28,360,8.02,5.85,1.76,2.24,0.7
9,20,28,360,5.37,3.76,1.06,1.57,0.57
9,20,28,360,7.55,5.4,1.64,2.13,0.7
10,20,28,360,5.87,4.5,1.04,1.69,0.61
10,20,28,360,7.9,5.88,1.51,2.24,0.75
11,20,28,360,6.3,4.27,1.51,1.82,0.6
12,20,28,360,5.6,4,1.03,1.44,0.55
13,20,28,360,6.04,4.54,1.05,1.59,0.62
14,20,28,360,8.29,5.94,1.69,2.13,0.76
15,20,28,360,7.01,4.92,1.41,1.88,0.67
16,20,28,360,7.41,5.01,1.58,2.1,0.69
17,20,28,360,8.31,6.07,1.81,2.36,0.71
18,20,28,360,7.16,5.44,1.58,2.09,0.69
19,20,28,360,6.8,4.95,1.26,2.02,0.64
20,20,28,360,8.71,6.49,2.07,2.49,0.76
1,24,28,432,10.64,7.41,2.66,3.52,1.02
1,24,28,432,11.56,8.98,3.29,3.67,1.01
2,24,28,432,10.49,7.34,2.46,3.49,0.98
2,24,28,432,11.79,8.73,3.29,3.88,1.04
3,24,28,432,10.72,7.87,2.63,3.58,0.96
3,24,28,432,12.23,8.88,3.25,4.03,1.05
4,24,28,432,12.22,9.55,3.4,4,1.11
4,24,28,432,11.17,7.83,2.6,3.82,1.01
5,24,28,432,10.69,8.13,2.76,3.59,0.98
5,24,28,432,12.08,8.64,2.92,3.88,1.02
6,24,28,432,10.92,8.1,2.51,3.76,1.04
6,24,28,432,10.57,7.91,2.59,3.46,1.03
7,24,28,432,9.61,6.58,2.15,3.39,0.97
7,24,28,432,11.46,8.37,3.44,3.8,1.06
8,24,28,432,10.28,6.9,2.46,3.58,1.02
8,24,28,432,11.02,7.44,2.77,3.62,1.04
9,24,28,432,10.75,8.6,2.48,3.55,1.03
9,24,28,432,10.49,7.19,2.75,3.36,0.97
10,24,28,432,10.65,8.11,2.21,3.72,1
10,24,28,432,11.53,7.88,3.19,3.84,1.04
11,24,28,432,11,8.17,3.32,3.45,1.03
11,24,28,432,12.76,9.52,3.08,4.51,1.25
12,24,28,432,11.9,9.39,3.19,4,1.13
12,24,28,432,14.95,11.62,3.36,5.13,1.33
13,24,28,432,12.68,9.86,3.52,4.13,1.18
13,24,28,432,11.58,8.45,3.24,3.73,1.13
14,24,28,432,13.09,9.49,3.77,4.16,1.19
14,24,28,432,9.15,6.53,1.88,3.34,0.92
15,24,28,432,9.72,7.03,2.54,3.49,1.01
15,24,28,432,9.17,6.06,2.25,3.15,0.9
16,24,28,432,11.97,8.96,3.38,4.12,1.14
16,24,28,432,11.53,7.81,3.47,4.01,1.1
17,24,28,432,11.37,8.3,3,3.86,1.1
17,24,28,432,10.21,7.49,2.95,3.68,0.98
18,24,28,432,11.12,8.27,2.95,3.86,1.06
18,24,28,432,10,6.96,2.75,3.36,0.92
19,24,28,432,12.1,8.71,3.06,4.07,1.13
19,24,28,432,11.31,8.36,3.07,3.81,1.14
20,24,28,432,12.06,8.5,3.12,4,1.11
20,24,28,432,11.22,8.15,3.28,3.5,1.12
